frequency,pos,rating,word
7366,n,3.98533804,brownie
5899,v,4.234785557,make
5004,n,4.009192646,recipe
2622,n,4.131197559,frosting
2313,a,3.723735409,good
2246,v,4.167408727,use
2226,v,4.292902066,add
1793,n,3.94032348,chocolate
1717,n,4.216074549,time
1527,a,4.368696791,great
1395,a,4.502508961,easy
1254,a,4.424242424,best
1251,v,4.616306954,love
1138,n,4.37258348,mix
1136,a,4.63028169,delicious
1126,v,3.973357016,turn
1125,n,2.982222222,cake
1110,n,4.054054054,butter
1103,v,3.270172257,taste
1044,n,4.051724138,sugar
1038,v,4.389210019,double
1034,n,4.257253385,pan
1019,v,4.232580962,bake
987,n,3.844984802,fudge
966,r,4.064182195,really
956,v,3.876569038,try
948,a,4.706751055,perfect
904,v,3.942477876,come
904,v,4.252212389,frost
881,a,3.994324631,little
857,r,4.12252042,also
795,n,4.300628931,cup
792,r,4.616161616,ever
751,n,4.062583222,icing
744,a,3.5,sweet
744,v,3.322580645,think
724,r,3.889502762,even
712,n,4.117977528,minute
676,n,4.50295858,chip
671,v,4.15052161,go
652,v,3.960122699,say
640,v,3.909375,get
637,n,4.274725275,top
634,n,4.129337539,cocoa
633,v,3.306477093,follow
609,a,3.594417077,much
604,r,3.834437086,still
598,r,4.183946488,definitely
595,r,4.421848739,never
593,v,4.254637437,need
587,n,3.851788756,chewy
587,r,4.223168654,instead
571,n,4.124343257,milk
570,n,4.052631579,ingredient
570,r,3.845614035,well
569,n,3.854130053,bit
562,n,4.110320285,powder
547,n,4.341864717,moist
533,a,4.166979362,first
530,a,3.969811321,next
526,v,4.414448669,melt
506,n,3.968379447,batter
501,n,4.041916168,egg
483,n,4.246376812,box
474,r,4.708860759,always
472,v,4.110169492,take
467,n,4.721627409,thanks
466,v,4.210300429,put
451,r,3.598669623,exactly
445,n,4.591011236,yummy
438,v,4.182648402,ice
432,n,3.074074074,flavor
421,a,2.752969121,dry
419,v,3.424821002,like
419,n,4.551312649,family
417,a,4.256594724,rich
416,n,4.201923077,oven
414,n,3.376811594,way
414,n,4.338164251,hand
413,v,3.886198547,cook
411,v,4.771289538,amaze
407,n,4.390663391,batch
406,v,4.24137931,eat
398,v,3.060301508,look
396,v,4.444444444,change
392,n,3.260204082,review
391,n,3.265984655,texture
389,v,3.889460154,want
382,n,4.366492147,thing
369,a,3.964769648,sure
366,r,3.74863388,enough
359,v,3.802228412,find
356,n,4.297752809,flour
355,a,4.797183099,awesome
343,v,3.577259475,give
336,n,4.386904762,husband
332,n,4.090361446,honey
323,v,3.972136223,spread
308,a,4.168831169,right
299,a,4.591973244,super
293,n,4.187713311,half
291,a,3.879725086,less
290,n,4.255172414,cream
285,v,4.052631579,leave
282,v,3.914893617,work
282,n,4.496453901,day
280,a,3.678571429,thick
271,n,4.564575646,everyone
265,a,4.388679245,quick
264,a,4,nice
260,r,4.746153846,absolutely
255,v,4.717647059,buy
254,v,4.244094488,cool
252,n,4.587301587,walnut
250,a,4.704,wonderful
244,a,4.713114754,excellent
244,n,4.286885246,vanilla
241,a,4.419087137,warm
241,n,3.887966805,gooey
240,v,4.233333333,cut
240,v,3.5,know
234,r,3.076923077,pretty
233,n,3.240343348,star
227,a,4.806167401,fantastic
226,n,3.017699115,something
225,a,4.573333333,simple
223,a,4.542600897,last
221,a,4.520361991,extra
221,a,4.339366516,dark
220,v,4.118181818,keep
217,a,4.373271889,white
217,a,4.529953917,boxed
217,n,4.815668203,thank
216,r,3.009259259,however
214,n,3.504672897,consistency
210,r,4.295238095,together
209,n,3.870813397,mine
205,n,4.765853659,yum
203,r,3.147783251,maybe
201,n,3.995024876,reviewer
198,a,4.161616162,long
196,v,3.948979592,recommend
196,a,3.591836735,hard
192,v,3.416666667,end
190,n,4.473684211,tablespoon
188,n,4.35106383,year
186,n,3.838709677,amount
186,a,4.344086022,second
186,n,4.505376344,homemade
185,a,3.443243243,thin
185,a,4.135135135,soft
185,a,4.589189189,whole
184,n,3.47826087,dense
182,n,4.021978022,baking
180,n,4.222222222,kid
180,a,3.888888889,tasty
178,a,3.797752809,many
178,n,4.719101124,hit
177,n,4.514124294,everything
174,v,4.356321839,beat
174,n,4.091954023,people
170,v,4.282352941,let
168,r,4.666666667,perfectly
168,r,3.488095238,probably
162,n,4.222222222,oil
161,v,4.751552795,share
161,n,3.869565217,result
160,n,3.575,lot
154,n,4.454545455,scratch
154,v,4.337662338,stir
153,n,3.509803922,others
153,n,4.281045752,mixer
152,v,3.263157895,seem
151,v,3.238410596,prefer
151,n,4.57615894,nut
150,v,4.693333333,sprinkle
150,a,4.253333333,big
148,a,4.283783784,favorite
148,a,4.716216216,amazing
146,a,4.191780822,powdered
146,r,3.767123288,almost
145,a,2.103448276,bad
145,a,3.979310345,mixed
145,a,4.131034483,brown
144,n,4.138888889,salt
143,v,3.601398601,read
143,v,3.797202797,suggest
143,a,3.699300699,different
142,n,4.76056338,keeper
142,a,3.971830986,small
139,r,3.877697842,far
138,v,3.898550725,write
136,v,4.161764706,substitute
135,v,3.281481481,call
134,n,4.597014925,friend
133,n,3.406015038,one
133,a,4.007518797,old
132,n,4.393939394,peanut
132,r,3.757575758,quite
131,r,3.854961832,back
131,v,4.129770992,omit
129,n,3.713178295,problem
128,r,4.09375,usually
128,n,4.359375,tsp
128,a,2.671875,wrong
128,n,3.5,kind
127,v,4.37007874,skip
127,v,3.503937008,help
127,v,3.330708661,see
126,v,4.349206349,enjoy
126,r,3.920634921,slightly
125,n,4.36,advice
125,a,4.36,hot
124,v,3.032258065,stick
124,n,4.5,bowl
122,n,4.163934426,water
121,n,4.272727273,night
118,n,4.762711864,Angie
117,a,3.393162393,fine
112,n,3.339285714,square
111,n,4.603603604,wow
111,v,4.261261261,whip
111,r,3.648648649,twice
110,n,4.036363636,min
109,n,4.247706422,spoon
109,n,4.376146789,mixture
109,n,3.752293578,edge
108,n,4.333333333,tbsp
107,r,3.728971963,actually
105,n,4.542857143,microwave
105,n,4.428571429,store
105,n,3.780952381,middle
104,n,4.153846154,muns
102,a,4.549019608,new
102,v,4.333333333,serve
101,v,4.603960396,chop
100,v,4.66,wait
100,n,4.46,dessert
100,n,4,glaze
100,v,3.8,reduce
99,n,4.171717172,party
99,r,4.616161616,fast
99,n,3.525252525,part
98,v,3.632653061,didn't
97,v,3,quo
96,n,4.25,couple
95,v,4.705263158,ask
93,n,4.634408602,mini
92,n,4.586956522,glass
92,a,4.413043478,several
91,n,4.406593407,extract
90,n,4.733333333,pecan
90,a,4.111111111,smooth
90,n,4.111111111,piece
89,a,4.752808989,fabulous
89,n,3.696629213,side
89,n,4.191011236,confectioner
88,a,3.681818182,light
88,n,4.454545455,syrup
87,v,4.103448276,rave
87,a,3.551724138,spreadable
87,n,3.75862069,anything
86,r,3.906976744,otherwise
86,n,4,suggestion
86,n,4.372093023,hour
86,n,3.744186047,fan
85,a,3.588235294,special
85,n,2.529411765,nothing
85,n,4.458823529,house
85,r,4.364705882,already
85,n,4.458823529,coconut
85,r,3.423529412,rather
84,n,4.476190476,Hershey
84,r,4.333333333,yet
84,v,4.404761905,pour
83,v,3.915662651,tell
83,n,4.156626506,daughter
83,v,4.156626506,heat
82,n,3.853658537,bite
81,n,3.617283951,direction
80,n,4.15,dish
79,r,4.620253165,truly
79,n,3.759493671,site
79,v,3.835443038,throw
79,n,3.708860759,baker
78,v,4.256410256,agree
78,n,4.307692308,mouth
78,v,3.846153846,start
77,v,2.506493506,expect
77,v,4.038961039,overcook
77,v,4.272727273,decide
76,r,4.263157895,bother
76,a,4.578947368,regular
75,r,3.586666667,completely
75,n,3.506666667,wet
74,n,4.189189189,anyone
74,v,4.378378378,become
74,v,4.189189189,bring
74,n,3.891891892,L's
73,n,4.561643836,treat
72,n,4.611111111,coffee
72,n,4.5,chocolaty
72,n,3.722222222,inch
71,n,2.85915493,mess
71,r,3.281690141,crumbly
71,v,3.591549296,believe
70,n,4.228571429,teaspoon
70,n,3.885714286,fix
69,n,4.652173913,son
69,n,4.333333333,topping
68,a,4.029411765,basic
68,n,4.058823529,layer
68,a,2.735294118,high
68,n,4.176470588,oh
68,v,3.617647059,state
68,v,2.058823529,care
67,n,1.417910448,okay
67,n,4.76119403,tip
67,r,3.835820896,else
66,n,4.636363636,x
66,n,3.484848485,applesauce
66,r,3.818181818,away
66,v,4.181818182,run
66,n,3.787878788,difference
65,n,4.292307692,craving
65,a,4.661538462,creamy
65,n,4.353846154,sauce
65,n,4.569230769,name
65,n,4.384615385,place
65,n,4.907692308,week
64,n,4.78125,caramel
64,n,4.375,cheese
64,a,4.4375,clean
63,n,4.26984127,cupcake
62,r,4.419354839,simply
62,v,2.806451613,rise
62,n,4.516129032,today
62,n,3.290322581,bottom
62,a,3.35483871,overall
62,n,3.35483871,base
62,n,3.612903226,don't
61,n,4.409836066,home
61,v,4.147540984,crave
60,n,4.266666667,comment
60,a,1.9,OK
60,n,3.8,center
59,n,3.881355932,someone
59,a,4.355932203,large
59,a,4.694915254,chopped
59,a,3.271186441,least
59,n,4.186440678,c
58,a,3.827586207,unsweetened
58,a,4.344827586,huge
58,n,3.689655172,search
58,v,3.517241379,feel
57,r,4.684210526,sometimes
57,n,4.649122807,hubby
56,a,4.142857143,original
56,a,3.857142857,low
56,a,3.714285714,fluffy
56,n,4.714285714,mint
56,n,3.964285714,cooking
56,n,3.928571429,chunk
56,a,4.142857143,happy
56,a,4.535714286,free
56,r,4.214285714,totally
56,v,4.357142857,combine
56,r,2.964285714,extremely
56,v,3,miss
56,n,4.285714286,boyfriend
55,r,4.563636364,soon
55,a,3.872727273,melted
55,r,3.618181818,anyway
55,r,4.127272727,especially
55,a,4.345454545,wooden
55,n,4.309090909,rest
55,n,3.072727273,rating
54,n,4.111111111,size
54,n,4.481481481,lo
54,v,4.185185185,sit
54,n,4.592592593,almond
53,n,3.830188679,inside
53,v,3.981132075,set
53,r,4.358490566,easily
53,n,4.471698113,margarine
53,v,4.660377358,stop
52,r,4.653846154,sou
52,v,4.153846154,cover
52,n,4.884615385,wheat
52,a,4.846153846,soot
51,r,4.137254902,highly
51,a,4.058823529,real
51,n,3.705882353,type
51,a,3.862745098,full
51,n,4.843137255,tonight
51,n,4.215686275,touch
51,n,3.862745098,bar
51,v,3.62745098,grease
50,n,3.64,reason
50,n,2.32,guess
50,v,3.92,finish
50,v,4.52,soften
50,n,3.64,opinion
49,n,4.510204082,goodness
49,n,4.224489796,addition
49,n,4.142857143,mistake
49,v,3.775510204,over mix
49,v,2.551020408,disappoint
49,n,4.632653061,compliment
49,v,4.387755102,blend
48,n,4.333333333,lover
48,n,4.375,birthday
48,a,4.125,glad
48,a,0.083333333,disappointed
47,v,3.936170213,mention
47,a,3.680851064,careful
47,n,3.85106383,plain
47,a,3.978723404,heavy
47,v,3.936170213,check
47,v,3.85106383,list
47,n,3.978723404,thicker
47,n,4.404255319,mom
47,a,1.340425532,flat
47,n,3.425531915,attempt
47,a,3.29787234,exact
46,n,4.565217391,whisk
46,v,3.043478261,happen
46,v,3.869565217,overtake
45,r,4.688888889,quickly
45,a,3.577777778,outside
45,a,4.511111111,soc
45,v,4.244444444,satisfy
45,v,3.844444444,stay
45,n,4.6,handful
45,v,4.466666667,sift
44,n,4.181818182,crispy
44,a,4.409090909,instant
44,a,2.5,cake like
44,a,4.681818182,gluten
44,v,4,halve
44,n,5,om
44,n,4.045454545,sweetness
44,a,4.545454545,single
44,r,4.5,seriously
43,v,4.302325581,fit
43,a,3.558139535,difficult
43,n,4.11627907,school
43,a,4.209302326,entire
43,a,4.023255814,electric
42,a,4.19047619,able
42,n,4.238095238,mixing
42,v,4.428571429,forget
42,v,4.095238095,fail
42,n,4.380952381,cause
41,v,4.56097561,live
41,r,4.268292683,longer
41,v,3.195121951,wish
41,n,4.463414634,decadent
41,n,4.707317073,pot
41,n,4.219512195,crunchy
41,r,4.658536585,often
40,v,4.8,swirl
40,r,4.05,incredibly
40,a,4.2,plenty
40,a,4.8,semi
40,n,4.15,toothpick
40,n,4.5,muffin
39,n,4.538461538,dinner
39,r,2.794871795,barely
39,v,4.076923077,prepare
39,n,4.487179487,corn
39,n,3.871794872,serving
39,v,3.666666667,mean
39,r,4.384615385,finally
39,a,3.358974359,close
39,n,4.641025641,person
39,v,4.897435897,disappear
39,v,3.717948718,include
39,r,2.487179487,perhaps
39,v,4.743589744,die
39,n,4.384615385,heaven
39,n,4.538461538,world
38,v,4.105263158,increase
38,v,4.315789474,note
38,v,4.105263158,post
38,n,4,stuff
38,n,3.578947368,liquid
38,v,4.157894737,drizzle
38,n,4.210526316,crust
38,v,4.947368421,request
38,n,4.578947368,paper
38,v,4.315789474,replace
38,a,3.947368421,fresh
37,r,4.567567568,gently
37,n,4.783783784,life
37,n,2.081081081,instruction
37,n,4.297297297,boy
37,a,4.351351351,used
37,r,4.72972973,lightly
37,v,4.351351351,dust
37,n,3.648648649,matter
36,a,1.777777778,bitter
36,n,4.166666667,splash
36,v,2.611111111,hope
36,a,4.277777778,TRUE
36,n,4.666666667,scoop
36,r,4.222222222,literally
36,v,3.5,avoid
36,v,3.111111111,figure
36,n,4.222222222,tb
36,a,4.111111111,added
35,v,4.314285714,remember
35,n,3.914285714,air
35,n,4.6,kitchen
35,a,3.8,crazy
35,n,3.857142857,update
35,n,4.257142857,line
35,v,4.142857143,watch
35,n,-0.028571429,bland
35,n,4.257142857,saucepan
34,n,4.647058824,perfection
34,v,3.705882353,direct
34,r,4.176470588,differently
34,n,-0.470588235,sorry
34,n,4.470588235,tooth
34,v,4.294117647,sub
34,n,4.764705882,spray
33,a,3.303030303,due
33,n,4.151515152,fork
33,r,3.060606061,certainly
33,a,4.272727273,tiny
33,n,4.03030303,word
33,n,4.272727273,title
33,n,4.818181818,marshmallow
33,a,3.606060606,short
33,n,4.333333333,cinnamon
33,n,4.454545455,fun
33,v,2.090909091,hop
33,n,4.636363636,stove
32,n,4.0625,fridge
32,n,4.5,c.
32,n,3.375,idea
32,n,4,temp
32,v,3.375,tweak
32,n,3.375,trouble
32,v,4.625,triple
32,r,4.125,nicely
32,v,3.4375,save
32,n,4.25,drop
32,n,3.875,round
32,r,3.9375,later
32,n,3.5625,issue
31,n,3.64516129,calorie
31,r,4.096774194,personally
31,n,3.774193548,plan
31,n,4.096774194,fat
31,a,4.483870968,necessary
31,r,4.548387097,lovely
31,n,3.129032258,picture
31,n,4.032258065,quality
31,n,4.677419355,key
31,n,4.032258065,rate
31,v,4.419354839,pull
31,a,3.193548387,personal
30,n,4,crumb
30,a,4.8,incredible
30,v,2.6,consider
30,r,4.666666667,normally
30,n,4.133333333,food
30,v,4.733333333,gobble
30,v,4.266666667,remove
30,r,3.4,somewhere
30,n,4,fact
30,n,3.666666667,apple
30,v,3.933333333,felt
30,v,4.466666667,brownies
30,n,4,test
30,n,4.133333333,tad
30,v,4.466666667,fold
30,v,3,suppose
30,v,2.933333333,burn
30,n,4.533333333,child
29,a,4.172413793,healthy
29,a,3.344827586,raw
29,v,3.965517241,adjust
29,n,3.551724138,luck
29,r,4.448275862,wonderfully
29,n,4.034482759,sister
29,v,3.344827586,require
29,n,4.379310345,yesterday
29,v,4.24137931,devour
29,r,3.827586207,around
28,r,4,overly
28,n,4.642857143,tin
28,a,4.785714286,parchment
28,n,4.285714286,experience
28,a,3.928571429,total
28,r,4.714285714,ago
28,n,3.714285714,preference
28,n,3.785714286,version
28,n,4.571428571,bag
28,n,4.571428571,spatula
28,n,3.5,point
28,v,3.5,recipes
28,n,4.428571429,pantry
28,a,4.142857143,additional
28,n,4,package
27,v,4.333333333,alter
27,a,3.740740741,separate
27,a,4.407407407,worth
27,v,3.962962963,please
27,v,3.074074074,continue
27,n,3.740740741,balance
27,n,3.740740741,order
27,a,3.740740741,vegetable
27,a,3.962962963,previous
27,n,4.777777778,raspberry
27,n,4.555555556,leftover
27,n,2.185185185,mind
27,n,4.777777778,deli
27,a,3.962962963,pudgy
26,n,4.384615385,doubt
26,n,3.846153846,chance
26,n,4.461538462,everybody
26,v,3.615384615,stand
26,n,4,vie
26,n,3.769230769,soda
26,n,4.461538462,yes
26,n,4.538461538,trick
26,n,4.923076923,sooth
26,a,4.692307692,organic
26,n,4.384615385,knife
26,v,3.692307692,surprise
25,n,4.68,morning
25,v,1.64,lack
25,a,2.76,deep
25,n,4.44,complaint
25,v,2.2,rat
25,n,4.12,ill
25,n,4.68,brother
25,r,4.12,immediately
25,n,4.92,month
25,r,4.12,alone
25,v,4.04,realize
25,n,4.6,brand
25,a,4.04,possible
25,n,3.8,guest
25,n,3.72,splendid
25,a,3.96,chocoholic
25,n,4.04,mi
24,v,4,break
24,n,4.916666667,course
24,a,1.916666667,weird
24,v,3.166666667,wonder
24,n,4.583333333,foil
24,n,2.5,buttery
24,a,0.333333333,awful
24,v,3.916666667,smell
24,v,4.25,experiment
24,a,4.166666667,picky
24,v,4.25,fill
24,n,3.25,moisture
24,n,3.666666667,coco
24,a,4.5,beautiful
24,n,3.5,kinda
24,v,3.5,compare
24,n,4.25,crisp
24,a,4.083333333,skeptical
24,r,2.916666667,honestly
24,v,3.5,depend
24,v,4.416666667,def
24,a,3.916666667,stiff
24,n,4.666666667,candy
24,n,4.166666667,exception
24,n,4.333333333,future
23,n,4.826086957,every time
23,a,1,greasy
23,n,4.217391304,purpose
23,n,3.608695652,Betty
23,a,4.130434783,negative
23,a,0.739130435,terrible
23,v,4.391304348,yield
23,n,3.695652174,portion
23,a,2.130434783,actual
23,n,3.782608696,spot
23,r,4.043478261,forever
23,a,4.739130435,ready
23,a,3.956521739,past
23,n,4.304347826,pinch
23,a,4.130434783,third
23,n,4.043478261,Hildegarde
23,a,4.47826087,terrific
23,n,4.217391304,adjustment
23,r,4.217391304,beautifully
23,a,3.347826087,traditional
22,n,3.909090909,firm
22,v,4.272727273,pop
22,r,2.727272727,apart
22,n,4.363636364,book
22,n,4.545454545,edit
22,v,4.181818182,harden
22,n,3.818181818,sheet
22,v,3.818181818,complain
22,v,3,advise
22,a,4.090909091,u
22,n,3.545454545,crocker
22,n,4,cookie
22,n,2.909090909,sort
22,v,4.181818182,etc
21,n,4.714285714,cheesecake
21,v,4.238095238,notice
21,n,3.666666667,modification
21,a,3.285714286,impressed
21,r,4.047619048,nearly
21,a,4.333333333,shiny
21,n,4.142857143,baby
21,r,2.047619048,unfortunately
21,n,4.619047619,combination
21,a,4.047619048,important
21,a,4.142857143,strong
21,a,4.80952381,delis
21,v,3.476190476,understand
21,n,4.238095238,beater
21,a,4.428571429,sooths
21,r,3.095238095,somewhat
21,v,3.857142857,receive
21,n,4.428571429,degree
21,r,4.80952381,amazingly
21,n,3.666666667,process
21,n,3.380952381,step
21,v,4.333333333,incorporate
21,a,3.380952381,impossible
20,v,4.3,admit
20,v,3.2,hat
20,r,4.2,anymore
20,n,3.9,lump
20,n,4.4,crunch
20,a,4.4,phenomenal
20,n,4.4,panache
20,v,3.7,fall
20,n,4.1,cooky
20,n,3.8,temperature
20,n,4.3,sale
20,a,5,sew
20,a,1.5,decent
20,n,4.4,ate
20,a,4.6,divine
20,v,4.3,straight
20,n,3.7,success
20,n,4.1,ground
20,r,4.1,either
19,n,4.157894737,user
19,a,4.578947368,plastic
19,v,4.157894737,remain
19,n,4.578947368,weekend
19,v,4.684210526,worry
19,n,4.578947368,tomorrow
19,v,3.210526316,accord
19,v,2.157894737,fell
19,a,2.684210526,sugary
19,v,4.473684211,crush
19,a,3.631578947,unsalted
19,r,3.947368421,properly
19,n,4.894736842,Christmas
19,a,4.684210526,superb
19,a,-0.157894737,horrible
19,n,3.842105263,powdery
19,a,4.684210526,pleased
19,v,4.052631579,imagine
19,v,4.368421053,hate
19,v,3.947368421,allow
19,n,4.157894737,none
19,v,4.684210526,cant
19,n,3.105263158,product
18,n,3.888888889,chef
18,a,4.333333333,flavorful
18,v,4.555555556,lower
18,n,2.888888889,ball
18,a,4.555555556,cold
18,a,4.333333333,darn
18,n,4.111111111,room
18,n,4.777777778,dozen
18,n,4.444444444,thought
18,v,3.444444444,impress
18,a,4,early
18,v,3.777777778,create
18,r,4.111111111,indeed
18,n,4.555555556,desert
18,n,4.555555556,guy
18,a,1.555555556,edible
18,n,3.666666667,bittersweet
18,v,2,waste
18,v,4.555555556,coat
18,n,4.666666667,peppermint
18,v,4.111111111,choose
18,v,2.666666667,oppose
18,v,3.333333333,hold
17,n,4.411764706,girl
17,v,3.352941176,remind
17,n,3.352941176,tasting
17,a,2.411764706,normal
17,n,3.941176471,dairy
17,a,2.882352941,runny
17,a,2.411764706,odd
17,a,4.764705882,scrumptious
17,n,4.647058824,semisweet
17,n,4.647058824,n
17,r,3.941176471,obviously
17,n,3.470588235,eye
17,a,3.235294118,similar
17,n,4.294117647,measurement
17,n,4.764705882,bomb
17,n,4.411764706,substitution
17,r,2.529411765,possibly
17,n,4.411764706,mm mm
17,n,4.411764706,maple
17,a,4.882352941,diet
17,v,3.941176471,screw
17,n,4.294117647,espresso
17,v,3.470588235,describe
17,n,4.529411765,oz
17,n,3.941176471,mm
17,n,3.588235294,alteration
17,n,4.764705882,holy
17,a,3.823529412,pure
16,n,4.5,nutshell
16,v,4,lift
16,n,4.25,kick
16,v,3.25,produce
16,a,4.625,overnight
16,n,4.75,valentine
16,n,4.5,occasion
16,n,3.625,altitude
16,v,4.875,talk
16,n,3.875,dad
16,v,2.25,undercooked
16,a,3.875,solid
16,a,4.75,absolute
16,n,4.25,dutch
16,r,3.5,likely
16,n,2.75,letter
16,a,3.625,intense
16,v,3.375,sink
16,v,4.375,deserve
16,v,4.5,slice
16,a,3.375,equal
16,n,4,richness
16,n,2.375,Brooke
16,r,3.625,slowly
16,n,3.625,level
16,n,4.75,winner
16,n,3.875,quantity
16,n,4.375,website
16,r,3.75,forward
16,n,4.25,afternoon
16,v,4.25,decrease
15,a,4.466666667,lazy
15,v,3.133333333,ruin
15,v,2.866666667,overbear
15,a,4.733333333,delightful
15,n,5,snack
15,v,3.4,suit
15,a,-0.2,disappointing
15,n,4.2,thats
15,a,4.6,frosted
15,a,4.466666667,afraid
15,n,4.733333333,twist
15,v,3.266666667,pick
15,n,1.933333333,bombshell
15,v,4.466666667,learn
15,n,5,class
15,n,4.733333333,em
15,n,4.6,metal
15,v,3.266666667,rock
15,v,2.733333333,modify
15,n,4.733333333,a lot
15,r,4.333333333,accidentally
15,a,4.466666667,baked
15,v,4.466666667,toss
15,n,4.066666667,bakery
15,v,3.8,measure
15,a,3,cake-like
15,v,4.066666667,tend
15,v,0.6,alright
15,a,1.8,strange
15,n,1.8,salty
14,v,3.285714286,opt
14,v,2.857142857,crack
14,a,4.857142857,worried
14,n,4.428571429,mother
14,a,4.142857143,unfrosted
14,n,3.285714286,recommendation
14,n,3.714285714,finger
14,n,4.714285714,orange
14,n,4.714285714,variation
14,n,4.428571429,god
14,n,4.285714286,butter cream
14,n,3.571428571,Ghibelline
14,v,3.428571429,saw
14,n,3.285714286,plate
14,n,4.571428571,cane
14,a,1.571428571,grainy
14,v,4,handle
14,n,2.571428571,effort
14,n,5,delight
14,a,4,ten
14,n,4.428571429,till
14,a,5,glossy
14,n,4.428571429,ease
14,a,3.428571429,standard
14,v,4.285714286,agave
14,n,3.285714286,pudgier
14,n,3.714285714,coworkers
14,n,4.285714286,ton
14,n,4.428571429,count
14,n,4.714285714,variety
14,n,3.285714286,clump
14,n,4.428571429,Minsk
13,n,3.923076923,church
13,a,3.307692308,underdone
13,v,4.538461538,ensure
13,n,4.538461538,combo
13,v,4.846153846,beg
13,n,3.923076923,tray
13,a,4.846153846,nervous
13,v,3.153846154,show
13,r,4.846153846,separately
13,n,4.538461538,Kahlua
13,n,4.076923077,event
13,n,3.923076923,denser
13,a,3.615384615,tall
13,a,4.538461538,directed
13,v,4.230769231,overpower
13,n,4.384615385,tender
13,n,3.615384615,bunch
13,r,3.307692308,fairly
13,v,4.076923077,begin
13,n,4.692307692,Pyrex
13,n,4.384615385,company
13,v,5,resist
13,v,3.615384615,lose
13,a,3.153846154,correct
13,n,4.538461538,aha
13,r,3.923076923,correctly
13,v,4.230769231,refrigerate
13,n,4.846153846,rice
13,n,-0.076923077,disappointment
13,a,4.692307692,definite
13,v,3.615384615,over baked
13,v,3.923076923,warn
13,n,4.230769231,container
13,n,3.615384615,crusty
13,r,4.846153846,evenly
13,a,3.923076923,typical
13,n,2.230769231,liking
13,n,2.846153846,case
12,n,4.833333333,wrap
12,a,5,secret
12,n,2.833333333,color
12,n,3.5,anyways
12,n,3.5,somehow
12,n,3.833333333,morsel
12,n,4.666666667,power
12,v,4.5,shorten
12,a,3.833333333,suggested
12,n,4.5,stroke
12,v,4.166666667,sell
12,v,4,moisten
12,n,4,flower
12,v,3.333333333,wasn't
12,a,4.666666667,outstanding
12,n,4.833333333,wife
12,n,4.333333333,mocha
12,v,4,settle
12,n,4.666666667,Carolan
12,n,5,left
12,n,4.666666667,fault
12,n,4.5,butterscotch
12,a,3.666666667,sour
12,r,3.666666667,carefully
12,n,3.5,Duncan
12,n,4.5,silicone
12,v,4.666666667,thumb
12,n,1.666666667,bubble
12,n,4.666666667,strawberry
12,a,4.333333333,usual
12,a,2.166666667,clumpy
12,v,5,thanksgiving
12,v,3.166666667,lay
12,a,4.666666667,eggs
12,n,4.333333333,thesis
12,v,5,lick
12,v,2.666666667,improve
12,v,4.166666667,sound
12,v,4.833333333,addict
11,r,4.090909091,altogether
11,a,1.363636364,average
11,r,5,mostly
11,n,4.636363636,bye
11,v,3.545454545,listen
11,n,4.454545455,hint
11,n,4.090909091,dash
11,n,3.545454545,..
11,a,4.818181818,magnificent
11,a,1.727272727,gross
11,n,2.090909091,ratio
11,n,4.818181818,man
11,a,2.818181818,cheap
11,a,4.272727273,late
11,r,3.363636364,thoroughly
11,n,4.636363636,cookbook
11,n,3.363636364,Hines
11,n,4.090909091,proof
11,n,4.272727273,thinner
11,n,3.909090909,trust
11,a,3.545454545,slight
11,r,4.272727273,therefore
11,n,4.454545455,yr
11,a,3.181818182,accurate
11,n,2.272727273,dough
11,a,4.818181818,delectable
11,n,4.272727273,neighbor
11,n,3.909090909,outcome
11,n,4.818181818,roommate
11,v,4.454545455,bet
11,a,4.272727273,tried
11,n,4.818181818,beginner
11,v,4.090909091,undertake
10,n,3,deal
10,n,5,evening
10,n,4.2,flavoring
10,v,4.8,toast
10,n,3.8,chunky
10,n,4.4,potluck
10,a,3.2,tough
10,n,4.8,gathering
10,r,3,hardly
10,a,3,fair
10,a,3.8,exceptional
10,n,2.4,cooked
10,a,3.8,spectacular
10,a,3.4,final
10,n,4.8,prep
10,r,3.8,fully
10,a,4.2,surprised
10,n,4,group
10,n,4.8,file
10,v,3.4,desire
10,n,3.4,description
10,v,3.6,lessen
10,v,2.4,crumble
10,n,1.8,tee
10,n,4.4,gift
10,a,3.6,lumpy
10,a,3,mushy
10,a,4.8,multiple
10,v,5,win
10,n,4.4,gram
10,n,5,p
10,a,4.4,sticky
10,a,4.4,doubled
10,n,4,allergy
10,n,4.8,heart
10,n,3.4,b
10,n,3.8,TA
10,n,4.6,freezer
10,n,4.6,Debbie
10,n,4.6,awhile
10,v,3.8,hear
10,n,5,BBQ
10,v,3.4,hurt
10,a,4.6,minor
10,n,4.6,joy
10,v,4.2,dump
10,n,5,aluminum
10,v,2.8,play
10,a,5,vegan
10,v,5,move
10,r,3.6,basically
10,v,3.6,blow
10,v,4.4,send
10,v,4.6,fear
9,v,2.333333333,over mixed
9,n,4.111111111,fool
9,n,4.111111111,grandma
9,n,4.777777778,dollop
9,a,4.333333333,olive
9,a,4.777777778,crushed
9,v,3.444444444,apply
9,v,3,tear
9,n,3.888888889,protein
9,a,4.555555556,frozen
9,n,4.555555556,convection
9,r,4.777777778,defiantly
9,n,4.555555556,blender
9,n,4.555555556,block
9,v,4.777777778,insert
9,v,4.777777778,pack
9,a,4.777777778,dried
9,v,3.666666667,temper
9,n,3.888888889,simplicity
9,v,4.777777778,pass
9,a,4.555555556,recommended
9,n,4.333333333,cacao
9,n,4.111111111,poster
9,n,4.333333333,sea
9,a,4.111111111,complete
9,v,4.555555556,form
9,n,4.333333333,amt
9,r,4.111111111,recently
9,n,4.777777778,regret
9,v,5,freeze
9,n,4.333333333,PS
9,n,4.333333333,toffee
9,n,4.333333333,folk
9,a,3.444444444,popular
9,n,5,Mme
9,r,4.111111111,generally
9,v,4.555555556,over mixing
9,n,3.888888889,pie
9,n,4.777777778,office
9,n,4.333333333,ounce
9,v,4.111111111,boil
9,v,3.222222222,assume
9,n,4.777777778,table
9,a,4.777777778,powered
9,a,3.888888889,overkill
9,v,3.222222222,wont
9,v,4.333333333,hon
9,v,2.333333333,sweeten
9,r,5,heavenly
9,n,3.888888889,yogurt
9,n,5,all recipes
9,n,2.111111111,sponge
9,n,4.111111111,July
9,v,4.555555556,achieve
9,n,5,breakfast
9,a,4.777777778,available
9,v,2.333333333,disagree
9,n,4.555555556,pudding
9,v,4.777777778,pair
9,v,4.777777778,decorate
9,v,4.111111111,chill
9,n,4.333333333,cleanup
9,v,3.666666667,specify
9,n,2.111111111,id
9,a,4.111111111,successful
8,a,4.75,toasted
8,a,5,pregnant
8,n,3.75,photo
8,n,5,dab
8,a,4.25,red
8,v,4.25,beware
8,n,5,macadamize
8,a,-1.25,tasteless
8,r,4.5,eventually
8,n,4,whim
8,n,3.75,mummy
8,a,4,natural
8,a,4.5,individual
8,n,2.75,density
8,n,4,prefers
8,a,2.5,sad
8,r,4.5,initially
8,a,3,clear
8,a,4.75,empty
8,v,4,scramble
8,a,5,hesitant
8,n,3.75,hi
8,r,3.5,ahead
8,a,5,brilliant
8,n,3.25,fiance
8,a,4,softened
8,n,4,refrigerator
8,a,3.25,tasted
8,v,4.25,hide
8,v,3.75,dissolve
8,v,4.25,manage
8,n,3.75,quarter
8,r,4,aside
8,n,4,counter
8,n,3.5,surface
8,a,3.75,cagey
8,a,4.75,eaten
8,a,4.5,flaky
8,n,3.25,shot
8,n,4.75,option
8,n,4,restaurant
8,v,4.5,shape
8,n,4.5,smoother
8,v,3,provide
8,r,5,originally
8,n,2.5,earth
8,n,4.5,corner
8,r,4.75,typically
8,n,4.25,deliciousness
8,n,4.25,holiday
8,n,3.25,style
8,r,4.25,approximately
8,n,4.75,flake
8,n,4,mama
8,a,4.75,unbelievable
8,n,3.75,sweeter
8,v,4.25,indulge
8,n,3.5,sign
8,a,1.25,mediocre
8,n,3,rum
8,a,4,interesting
8,n,4.75,yeah
8,n,4,bud
8,a,4.75,critical
8,r,5,equally
8,a,5,greased
8,v,4.75,demand
8,n,4.5,auger
8,a,4.25,measuring
8,r,4.75,sourdough
8,n,3.5,BTW
8,n,3.75,chew
8,n,5,grandson
7,r,3.571428571,faster
7,n,5,row
7,n,5,bean
7,n,2.428571429,bread
7,v,3.285714286,shock
7,n,4.428571429,rule
7,a,4.428571429,artificial
7,a,4.714285714,gosh
7,r,4.714285714,practically
7,v,4.142857143,doesn't
7,n,5,father
7,n,3,chewier
7,n,4.142857143,trifle
7,a,5,bought
7,v,5,improvise
7,a,4.714285714,soy
7,n,5,flash
7,a,1.571428571,positive
7,r,1.285714286,sadly
7,v,3.285714286,solve
7,v,4.714285714,reach
7,a,4.142857143,minimal
7,v,5,dirty
7,n,4.142857143,Min
7,n,4.142857143,timer
7,v,4.142857143,quadruple
7,a,4.142857143,major
7,n,4.714285714,con
7,v,4.142857143,shake
7,v,4.428571429,raise
7,v,2.714285714,soak
7,v,4.142857143,affect
7,a,4.428571429,tbs
7,r,5,prior
7,v,5,fight
7,v,4.714285714,press
7,n,3.285714286,pain
7,a,2.428571429,particular
7,a,3,1st
7,n,4.142857143,rubber
7,n,3.571428571,kitchen aid
7,a,5,graham
7,n,4.428571429,grocery
7,n,5,load
7,a,3.571428571,minimum
7,a,4.714285714,wax
7,n,5,cuss
7,n,4.714285714,staple
7,n,4.714285714,law
7,n,4.428571429,on line
7,n,4.428571429,non
7,r,5,ridiculously
7,n,4.714285714,fa
7,a,5,fudge-like
7,n,4.714285714,eater
7,n,4.428571429,w
7,a,1.571428571,spongy
7,r,2.428571429,entirely
7,a,1,funny
7,n,2.142857143,video
7,n,5,threw
7,v,3.857142857,prevent
7,n,3.571428571,spoonful
7,n,4.142857143,chocoholics
7,n,4.428571429,rack
7,v,4.714285714,concern
7,a,4.714285714,pleasant
7,r,4.142857143,nonetheless
7,a,3.571428571,certain
7,n,5,ff
7,n,5,student
7,n,3.857142857,smudge
7,n,5,granule
7,n,3,fuss
7,n,5,voila
7,n,4.428571429,mood
7,v,4.142857143,roll
7,v,4.142857143,print
7,n,5,anytime
7,v,4.428571429,loosen
7,v,4.428571429,intend
7,a,5,addictive
7,r,5,deliciously
7,v,3.571428571,thrill
7,r,1.857142857,oily
7,a,4.428571429,nestle
6,n,4.666666667,parent
6,n,4.666666667,ice cream
6,v,4.333333333,handy
6,v,4,scrap
6,a,4,airy
6,v,4.666666667,better
6,n,3.333333333,teeth
6,n,3.333333333,heck
6,n,5,goodbye
6,v,4.666666667,refuse
6,n,3,disaster
6,n,5,anybody
6,a,2.666666667,honest
6,n,4.333333333,hey
6,n,4.333333333,palate
6,n,5,crowd
6,a,2,burnt
6,v,3.666666667,poke
6,n,4.666666667,sundae
6,n,4,cross
6,n,5,thickness
6,n,3.666666667,cherry
6,n,4.666666667,convenient
6,r,4,though
6,v,4.333333333,grow
6,n,5,health
6,a,3.666666667,main
6,n,5,trip
6,a,2.666666667,messy
6,a,4.666666667,expensive
6,n,4,weight
6,a,4.333333333,unique
6,v,4.666666667,comfort
6,r,4,directly
6,n,3.333333333,preparation
6,n,2.333333333,soup
6,v,4,discover
6,v,4,submit
6,a,4.666666667,cooled
6,n,2.333333333,rush
6,n,4.666666667,making
6,a,3.333333333,salted
6,n,4.333333333,cent
6,n,1.666666667,feeling
6,v,0.333333333,excite
6,a,4.333333333,satisfied
6,v,5,enhance
6,n,4.666666667,cow
6,r,5,bubbly
6,n,5,eve
6,n,5,Friday
6,n,5,mummer
6,n,4,factor
6,n,3.666666667,paste
6,v,5,convert
6,n,2.666666667,flatter
6,v,4.666666667,walnuts
6,v,5,grab
6,n,5,BC
6,n,4.666666667,calmer
6,n,4.666666667,cupboard
6,n,4,scale
6,v,2.333333333,contribute
6,n,2,stone
6,n,0.666666667,error
6,n,3.666666667,virgin
6,n,5,carburetter
6,v,4.666666667,declare
6,v,4.666666667,puree
6,n,3,method
6,n,3.666666667,yolk
6,n,4.666666667,burner
6,n,3,moister
6,n,2.666666667,depth
6,a,3.333333333,finished
6,n,4.333333333,pastry
6,a,3.666666667,over-mix
6,n,3.333333333,favor
6,v,1.666666667,explain
6,n,3.666666667,ha
6,v,5,polish
6,n,3.666666667,yo
6,v,4.333333333,copy
6,r,3,beforehand
6,n,4.666666667,Andes
6,n,5,cranberry
6,v,2.666666667,claim
6,n,4.666666667,crew
6,a,4,gritty
6,n,5,pleaser
6,a,4.666666667,black
6,r,2.666666667,strictly
6,a,1.666666667,experienced
6,n,4.333333333,moment
6,n,2,suck
6,a,4,countless
6,a,5,helpful
6,v,4.333333333,promise
6,v,4.333333333,cheat
6,n,3.666666667,member
6,n,4,darker
6,n,5,jar
6,v,3.333333333,resemble
6,v,3,wouldn't
6,n,2.666666667,tea
6,n,3.333333333,lighter
6,r,0.666666667,terribly
6,n,4.333333333,compromise
6,n,3.333333333,replacement
6,n,5,harder
6,n,3,number
6,n,4.666666667,tho
6,n,4.666666667,lunch
6,a,5,sinful
6,r,4,along
6,r,4.666666667,pleasantly
6,a,4.666666667,sliced
6,n,5,chemical
6,v,3.666666667,thicken
6,n,4.666666667,present
6,r,4.666666667,constantly
6,n,4.666666667,period
6,n,5,mark
6,n,4.333333333,content
6,a,5,ideal
6,a,5,elbow
6,n,3.333333333,picnic
6,a,4.333333333,fancy
6,n,2.666666667,meeting
6,v,3.666666667,instruct
6,v,2.666666667,destroy
6,n,4.333333333,praise
6,n,5,adult
6,n,3,heresy
6,n,5,banana
5,r,4.6,surprisingly
5,v,4.6,dislike
5,r,4.2,earlier
5,r,5,regardless
5,n,4.6,Crisco
5,n,3.4,Xi'an
5,n,3.8,pix
5,n,4.2,loaf
5,n,2.6,goop
5,n,4.6,bl
5,n,3.8,nutmeg
5,a,4.6,American
5,a,4.6,busy
5,v,4.6,heap
5,n,5,r
5,n,3.8,cracker
5,n,4.2,girlfriend
5,n,2.2,hole
5,n,4.2,express
5,n,2.2,stale
5,v,4.6,control
5,n,3.8,item
5,a,5,nuts
5,v,5,sample
5,n,3.8,job
5,n,0.2,brick
5,a,4.6,dangerous
5,n,3.8,setting
5,v,3,anticipate
5,n,4.2,killer
5,n,5,butterfingers
5,r,4.2,apparently
5,n,2.6,date
5,v,2.6,knock
5,n,3.4,melting
5,n,3.4,college
5,n,3,height
5,r,3.4,instantly
5,a,3.4,shredded
5,n,3.8,snap
5,n,4.6,choice
5,n,4.2,appearance
5,n,3.4,boiler
5,v,5,memorize
5,n,3.4,failure
5,n,2.2,aftertaste
5,n,5,waffle
5,a,5,t.
5,a,4.2,ultimate
5,n,4.6,liner
5,n,5,Halloween
5,n,5,kiss
5,n,4.2,household
5,v,2.6,err
5,a,4.2,veg
5,v,4.6,brew
5,a,0.6,nasty
5,n,4.2,teenager
5,v,3.8,dare
5,v,1.4,flop
5,a,3.4,grand
5,n,4.2,hence
5,r,3,thus
5,a,4.6,instructed
5,v,5,lie
5,n,3.4,um
5,n,4.2,area
5,n,3,IMO
5,n,5,g
5,v,3,return
5,a,4.6,guilty
5,v,4.6,swear
5,v,3,compensate
5,n,4.2,dusting
5,n,3.8,tax
5,n,3.4,majority
5,v,3,appreciate
5,n,5,raisin
5,n,4.2,men
5,n,2.2,section
5,n,4.6,critic
5,v,4.6,mash
5,n,4.2,market
5,n,3.4,coca
5,n,5,toaster
5,n,4.6,quickness
5,n,5,oat
5,n,3.8,movie
5,r,4.2,finely
5,r,5,lastly
5,n,3.8,breeze
5,n,3.4,lit
5,n,5,kiddos
5,v,3.8,kill
5,a,4.6,common
5,n,3.8,woman
5,a,3.4,classic
5,a,3.8,everyday
5,a,4.6,local
5,a,4.6,giant
5,r,5,everywhere
5,n,5,max
5,n,4.2,bill
5,r,5,unbelievably
5,n,4.6,minty
5,r,1.8,desperately
5,v,3.4,pay
5,n,1,hunt
5,n,4.6,gas
5,n,4.6,TB
5,a,4.2,following
5,n,3.8,sock
5,r,4.6,delightfully
5,n,4.6,pound
5,n,4.6,dip
5,n,5,awesomeness
5,a,3,unnecessary
5,n,4.6,heath
5,n,5,map
5,a,4.6,whipped
5,v,5,granulate
5,v,1.8,overwhelm
5,n,2.2,truth
5,a,5,2nd
5,v,4.6,complement
5,a,5,fanatic
5,a,5,allergic
5,a,5,fourth
5,v,3.8,fashion
5,v,0.2,yuck
5,a,4.6,desired
5,n,3.8,sans
5,n,5,lady
5,n,1.8,chalky
5,n,4.2,sprinkling
5,n,4.6,plus
5,n,4.6,teenage
5,r,2.6,hopefully
5,v,4.6,multiply
5,n,5,medium
5,n,5,accident
5,n,0.6,trash
5,v,5,guarantee
5,n,3.8,timing
5,n,5,mode
5,n,5,creme
5,v,5,speak
5,n,5,raf
5,n,3.8,thirty
5,a,3.8,reduced
5,n,3.8,warning
5,n,5,self
5,n,4.6,prob
5,a,2.6,opposite
5,n,3.4,novice
5,n,4.6,summer
5,a,5,safe
5,v,4.6,tempt
5,v,4.6,cure
5,n,4.6,eating
5,n,3,chewiness
5,n,2.2,eh
4,v,5,sneak
4,v,2,fry
4,n,4.5,cayenne
4,a,5,approx
4,v,4.5,push
4,n,2.5,connoisseur
4,n,4,cannabis
4,a,5,sourdoughs
4,a,4.5,subbed
4,n,4,micro
4,n,5,pizza
4,v,2,appear
4,v,5,friends
4,a,5,rare
4,a,4.5,zest
4,n,3,replacer
4,n,3,shell
4,v,4,mad
4,a,4,hungry
4,v,4.5,sleep
4,v,4,shoot
4,v,5,hale
4,n,4.5,wise
4,n,5,turbinate
4,n,4.5,bloodies
4,n,5,reg
4,n,4.5,seed
4,n,5,halfway
4,n,5,sultanate
4,a,5,casserole
4,v,4,pip
4,n,5,nope
4,r,1,elsewhere
4,a,4,canned
4,v,2.5,meet
4,a,0.5,dull
4,n,4,smile
4,a,3,leavening
4,n,5,stirring
4,n,4.5,Mexican
4,r,4,easier
4,n,5,grade
4,r,4.5,accordingly
4,n,3.5,Pillsbury
4,n,4.5,function
4,a,4,generous
4,a,5,nutty
4,v,5,prove
4,v,4,wind
4,n,4.5,Master
4,a,5,needless
4,a,5,blue
4,a,3,poor
4,a,5,loved
4,r,5,positively
4,r,5,sinfully
4,a,3,crackly
4,r,4,closely
4,n,3.5,diabetes
4,v,4,tire
4,a,4.5,dietary
4,a,4.5,golden
4,n,5,chili
4,n,5,reader
4,v,3,fee
4,r,4.5,previously
4,n,4,hurry
4,n,4.5,molten
4,r,4.5,anywhere
4,a,2.5,unsure
4,n,4.5,overload
4,a,4.5,complicated
4,n,3.5,dryness
4,a,2.5,rough
4,v,3.5,convince
4,n,4,mush
4,a,4.5,preheated
4,v,5,quit
4,n,4.5,sake
4,v,2,textured
4,n,2.5,crackle
4,n,2,foot
4,a,2,sufficient
4,v,4.5,wan
4,n,3,hype
4,n,5,la
4,n,4,attack
4,n,4,Karo
4,r,1.5,particularly
4,n,1.5,amour
4,a,4,doughy
4,r,3,nowhere
4,a,5,comparable
4,r,4.5,strongly
4,n,5,cousin
4,n,5,tends
4,a,4.5,fudge like
4,a,3,overwhelming
4,a,4.5,go-to
4,n,4.5,thank you
4,a,3,trichromatic
4,n,3,attention
4,a,5,coarse
4,a,4.5,interior
4,a,4.5,orgasmic
4,r,5,individually
4,v,3,flatten
4,n,2.5,expectation
4,r,5,currently
4,v,4,adapt
4,r,3.5,surely
4,v,3.5,theres
4,v,5,drink
4,r,3,roughly
4,n,4,account
4,n,3,sawdust
4,r,5,regularly
4,n,5,afterwards
4,a,5,versatile
4,a,4,wee
4,v,3.5,blame
4,n,5,forgot
4,a,4.5,alternative
4,r,5,frequently
4,v,3,puff
4,n,5,mold
4,n,1.5,whipping
4,n,3,money
4,n,4,v
4,n,4.5,Sunday
4,v,5,twee
4,v,3,suspect
4,v,4,switch
4,n,4.5,sifter
4,v,4.5,gather
4,v,4.5,deliver
4,a,2.5,incorrect
4,a,5,general
4,v,4.5,evaporate
4,n,5,healthier
4,a,3,sacs
4,n,3,proportion
4,v,5,report
4,n,3.5,ya
4,n,5,molasses
4,r,5,fabulously
4,v,2,shave
4,n,3,advance
4,a,4.5,in between
4,a,1,excited
4,n,5,oneness
4,v,4,contrast
4,a,4,numerous
4,a,3,young
4,n,2.5,difficulty
4,a,4,mild
4,n,4.5,basis
4,a,3,pasty
4,v,4,explode
4,a,5,melt-in-your-mouth
4,a,5,smart
4,n,5,recopies
4,n,5,hazelnut
4,a,4.5,interested
4,a,5,nonstick
4,a,5,optimistic
4,n,4.5,debate
4,a,5,utterly
4,n,2,limit
4,a,3.5,specific
4,a,3.5,uncooked
4,a,4.5,serious
4,a,3.5,skim
4,n,4.5,rectangular
4,a,5,sunbaked
4,v,4.5,indicate
4,a,4.5,bob
4,a,5,liked
4,n,4.5,super bowl
4,v,5,fluff
4,v,5,marry
4,r,5,consistently
4,v,4,bump
4,v,4.5,spend
4,a,2.5,satisfying
4,n,3.5,nephew
4,v,4,inhale
4,n,5,jerry
4,v,4,garnish
4,n,5,Pb
4,v,1.5,embarrass
4,n,3.5,intake
4,n,5,supply
4,v,2.5,blah
4,a,-2,inedible
4,n,3.5,memory
4,v,0,disgust
4,a,5,consistent
4,v,2.5,distract
4,a,3,lava
4,a,2.5,twenty
4,n,2,Irish
4,r,2,oddly
4,n,2,moistness
4,a,4.5,exterior
4,v,4,hang
4,n,5,mammogram
4,n,5,age
4,a,4.5,niece
4,v,5,gain
4,a,0,lacked
4,n,5,appetite
4,v,5,consume
4,n,5,truffle
4,n,3.5,FYI
4,n,5,goody
3,v,5,jiggle
3,a,5,unreal
3,n,5,theme
3,n,5,Baileys
3,n,4.333333333,gumminess
3,n,3.666666667,pancake
3,n,5,Stevie
3,a,5,deepish
3,n,5,meal
3,n,4.333333333,bath
3,n,5,worker
3,v,2.333333333,doctor
3,r,4.333333333,significantly
3,n,2.333333333,ore
3,n,4.333333333,pap
3,r,4.333333333,awesomely
3,n,5,cageyness
3,n,4.333333333,viola
3,v,5,king
3,n,5,preservative
3,a,5,anxious
3,v,5,hook
3,a,5,yucky
3,n,5,faint
3,r,2.333333333,smoothly
3,n,5,IE
3,r,4.333333333,lately
3,r,3.666666667,neither
3,v,5,contain
3,a,5,additive
3,n,4.333333333,baggies
3,a,5,hormonal
3,v,0.333333333,salvage
3,n,3.666666667,tweaking
3,n,3.666666667,sitter
3,n,3.666666667,fugue
3,n,3.666666667,gooier
3,n,3.666666667,spite
3,a,3,subtle
3,n,3.666666667,raters
3,n,4.333333333,shopping
3,v,5,vary
3,n,2.333333333,shortening
3,a,5,sick
3,n,5,receipt
3,a,4.333333333,gal
3,v,5,sandwich
3,n,4.333333333,bat
3,n,5,granddaughter
3,n,5,conversion
3,v,4.333333333,drive
3,n,2.333333333,carrot
3,a,0.333333333,gloppy
3,v,4.333333333,collapse
3,a,4.333333333,patient
3,v,2.333333333,appetizing
3,n,3.666666667,structure
3,v,-1,cave
3,n,3.666666667,denseness
3,v,3.666666667,intensify
3,n,1.666666667,fond
3,n,4.333333333,DE
3,n,4.333333333,DH
3,v,4.333333333,force
3,v,5,nail
3,n,5,dam
3,r,4.333333333,aptly
3,a,5,rainy
3,n,5,DA
3,v,3.666666667,attach
3,v,5,cabal
3,n,3.666666667,aspect
3,n,4.333333333,mug
3,n,4.333333333,Leary
3,n,4.333333333,savor
3,n,5,whoever
3,n,4.333333333,skoal
3,v,3.666666667,seep
3,n,1,Waals
3,v,5,marshmallows
3,n,5,act
3,a,5,French
3,n,2.333333333,IMHO
3,n,4.333333333,crystal
3,n,-1.666666667,vacationist
3,a,3.666666667,halved
3,a,4.333333333,commercial
3,v,5,exist
3,v,-0.333333333,shove
3,v,4.333333333,delete
3,r,4.333333333,silly
3,n,5,yup
3,a,5,complex
3,n,5,confess
3,a,5,wicked
3,n,5,blob
3,v,5,bore
3,n,3,caution
3,n,5,tree
3,n,5,purist
3,v,2.333333333,focus
3,n,5,mill
3,a,4.333333333,packaged
3,n,3.666666667,bowie
3,v,2.333333333,visit
3,a,4.333333333,chilled
3,v,5,enter
3,n,4.333333333,shower
3,n,3.666666667,tan
3,v,5,almonds
3,n,4.333333333,question
3,n,5,iron
3,v,1.666666667,waylayer
3,n,5,oops
3,n,5,cookout
3,n,5,supper
3,n,2.333333333,store bought
3,a,3,followed
3,a,1.666666667,ordinary
3,n,4.333333333,front
3,a,5,dead
3,v,-0.333333333,drip
3,n,3.666666667,clove
3,v,5,scrape
3,n,5,pi
3,n,3.666666667,instance
3,n,4.333333333,bakes
3,n,4.333333333,deviation
3,v,5,pronounce
3,v,5,scorch
3,r,4.333333333,ugly
3,n,5,INTERNET
3,a,5,irresistible
3,n,3.666666667,correction
3,n,5,cinch
3,n,1.666666667,HM
3,v,4.333333333,versus
3,n,5,grandmother
3,v,4.333333333,nuke
3,v,5,overlook
3,a,5,unexpected
3,n,3.666666667,beginning
3,n,3.666666667,stage
3,a,5,substituted
3,n,3,crumbles
3,r,4.333333333,partially
3,n,2.333333333,crumbliness
3,r,5,shortly
3,a,-1,aware
3,n,3.666666667,potato
3,v,4.333333333,refer
3,v,5,travel
3,v,4.333333333,eliminate
3,a,3,appropriate
3,r,3,gradually
3,v,2.333333333,weigh
3,v,2.333333333,solidify
3,n,5,example
3,n,5,colleague
3,n,5,cube
3,n,1.666666667,technique
3,n,5,decadence
3,a,-1,suitable
3,n,5,dream
3,r,5,rarely
3,v,3.666666667,body
3,a,4.333333333,shallow
3,v,4.333333333,forgive
3,n,4.333333333,smidgen
3,n,5,booze
3,n,4.333333333,filling
3,a,5,fashioned
3,v,1,seek
3,r,1.666666667,greatly
3,n,5,hankering
3,n,4.333333333,beating
3,n,5,hotter
3,n,4.333333333,bro
3,v,5,stumble
3,n,4.333333333,velvety
3,n,1,tuber
3,a,1.666666667,inconsistent
3,a,3,extreme
3,v,4.333333333,adore
3,n,3,watery
3,n,3.666666667,brain
3,n,5,Ben
3,n,3,punch
3,v,4.333333333,scar
3,n,4.333333333,conclusion
3,v,5,join
3,r,4.333333333,friendly
3,n,5,decision
3,n,5,smartness
3,n,5,sec
3,n,0.333333333,glob
3,v,5,score
3,n,4.333333333,needle
3,a,3.666666667,identical
3,v,5,develop
3,a,5,professional
3,n,3.666666667,constancy
3,n,1,biscuit
3,n,3,steer
3,n,5,skill
3,n,2.333333333,ire
3,a,1,funky
3,n,5,gourmet
3,n,3.666666667,butt
3,v,4.333333333,complicate
3,n,4.333333333,towards
3,n,4.333333333,pepper
3,a,5,anniversary
3,a,4.333333333,pampered
3,n,4.333333333,convenience
3,r,5,luckily
3,n,3.666666667,effect
3,n,5,hybrid
3,n,3.666666667,spice
3,n,3,definition
3,a,5,flax
3,n,2.333333333,thinking
3,n,5,slab
3,n,3,pudginess
3,n,4.333333333,presentation
3,n,3,science
3,v,5,loose
3,n,2.333333333,drier
3,v,4.333333333,release
3,v,4.333333333,forgo
3,v,-0.333333333,smash
3,n,4.333333333,teacher
3,r,5,successfully
3,n,4.333333333,nectar
3,n,5,th
3,n,5,si
3,n,4.333333333,buttermilk
3,v,5,invite
3,n,5,collection
3,v,1.666666667,minus
3,a,5,diabetic
3,n,5,spreader
3,v,3,suffice
3,v,1,judge
3,n,3.666666667,packet
3,a,5,carob
3,v,3,remake
3,n,4.333333333,besides
3,v,0.333333333,confuse
3,r,4.333333333,overwhelmingly
3,r,3,closer
3,v,4.333333333,smoke
3,n,4.333333333,feedback
3,n,5,decoration
3,a,2.333333333,near
3,n,5,reunion
3,n,-0.333333333,sank
3,v,5,encourage
3,n,3.666666667,tofu
3,n,3,cay
3,v,5,transfer
3,a,3,hundred
3,n,5,palm
3,a,3.666666667,distinct
3,n,3,cupful
3,a,3.666666667,scant
3,a,1.666666667,manageable
3,n,1,hem
3,v,5,lug
3,n,5,Hohhot
3,a,3,unusual
3,v,4.333333333,nicer
3,n,5,Crowley
3,n,5,feature
3,n,5,co
3,a,5,standby
3,n,3,smudginess
3,a,4.333333333,somebody
3,v,4.333333333,divide
3,n,3.666666667,tongue
3,v,4.333333333,ultra
3,n,3.666666667,author
3,a,4.333333333,memorial
3,a,1.666666667,contrary
3,n,5,slept
3,a,4.333333333,esp
3,v,2.333333333,pat
3,v,5,offer
3,r,4.333333333,essentially
3,n,4.333333333,mousse
3,n,5,hr
3,a,2.333333333,proper
3,n,4.333333333,wk
3,v,4.333333333,resort
3,n,4.333333333,face
3,n,5,maker
3,a,3.666666667,prepared
3,v,2.333333333,appeal
3,n,5,amaretto
3,a,5,semi-sweet
3,a,5,satiny
3,n,4.333333333,cm
3,n,4.333333333,circle
3,n,4.333333333,response
3,n,3.666666667,cosmic
3,v,4.333333333,pis
3,n,4.333333333,match
3,v,5,thaw
3,v,4.333333333,tacit
3,n,5,miniature
3,v,4.333333333,revise
3,n,3,caginess
3,n,5,master
3,n,2.333333333,knowledge
3,a,1,stuck
3,a,4.333333333,inexperienced
3,n,4.333333333,country
3,a,5,foolproof
3,v,5,boost
3,n,5,theory
3,r,3.666666667,clearly
3,n,3.666666667,repeat
3,r,2.333333333,exceptionally
3,n,5,spring
3,n,5,mummification
3,n,4.333333333,viewer
3,n,2.333333333,ah
3,n,5,story
3,a,4.333333333,thee
3,n,5,gum
3,v,5,click
3,n,3,head
3,n,3.666666667,ala
3,n,5,cox
3,v,5,mail
3,a,0.333333333,preferred
3,n,5,fondant
3,a,1,enjoyable
3,r,1.666666667,sometime
3,n,5,ban
3,n,3.666666667,grandkids
3,a,4.333333333,permanent
3,n,4.333333333,door
3,r,4.333333333,poorly
3,n,4.333333333,confectionery
3,a,1,..i
3,n,4.333333333,road
3,n,4.333333333,urge
3,v,4.333333333,minimize
3,r,3.666666667,additionally
3,n,4.333333333,pm
3,n,4.333333333,BBC
3,r,5,over stir
3,n,4.333333333,teeny
3,v,1.666666667,squeeze
3,n,5,ii
3,v,4.333333333,ignore
3,a,5,curious
3,a,5,sensational
3,n,5,x13
3,v,2.333333333,wash
3,n,4.333333333,pocket
3,n,4.333333333,pica
3,n,4.333333333,yummies
3,n,4.333333333,board
3,n,4.333333333,Greek
3,a,2.333333333,weekly
3,v,4.333333333,vouch
3,n,5,strike
3,v,5,condense
2,n,5,recipient
2,n,5,kiddo
2,v,4,inspire
2,n,5,sum
2,a,0,lumps
2,a,1,bummed
2,v,4,slap
2,n,5,Tb
2,a,5,immediate
2,n,4,childhood
2,a,5,harmful
2,a,5,drastic
2,n,5,pun
2,v,3,sicken
2,n,3,cooling
2,v,5,expire
2,n,1,nobody
2,n,5,tail
2,n,2,kudos
2,n,5,sheen
2,n,5,strainer
2,n,5,Santa
2,v,5,rely
2,v,5,caramelize
2,n,4,munchies
2,v,1,weren't
2,a,5,interchangeable
2,v,5,fussy
2,a,2,thank-you
2,v,5,overdetermined
2,n,2,whats
2,n,-1,shudder
2,n,3,tartar
2,n,4,jug
2,n,4,repertoire
2,n,5,speed
2,a,5,fifteen
2,r,5,occasionally
2,n,3,lieu
2,a,4,indicated
2,v,2,ooze
2,v,4,exchange
2,n,5,adventure
2,n,5,associate
2,n,5,essence
2,a,5,prefect
2,n,3,NT
2,n,4,pin
2,n,5,legato
2,n,4,vigilant
2,n,5,football
2,n,5,car
2,n,4,living
2,n,5,lifesaver
2,n,5,protect
2,a,5,massive
2,n,4,pudgiest
2,r,2,merely
2,v,5,walk
2,n,5,flaxseed
2,n,3,patience
2,n,3,saltiness
2,n,5,camping
2,a,2,sifted
2,n,5,neighborhood
2,a,5,German
2,a,3,elusive
2,v,2,grant
2,a,5,endless
2,n,4,labor
2,a,5,partial
2,n,5,hip
2,n,4,Stewart
2,v,5,dilute
2,a,5,upcoming
2,n,5,mason
2,v,4,mo
2,v,5,insist
2,n,5,squirt
2,a,5,advised
2,n,0,pride
2,r,5,nutritionally
2,v,5,wed
2,a,4,impatient
2,v,4,sacrifice
2,n,1,fluid
2,n,3,bunt
2,n,4,leery
2,r,5,minimally
2,v,5,evil
2,v,4,compel
2,n,5,delicious..
2,n,5,fabulousness
2,r,4,afterward
2,v,5,goodie's
2,v,5,exceed
2,n,3,SE
2,v,5,scarf
2,a,4,former
2,n,5,bourbon
2,v,1,defeat
2,v,5,dress
2,a,5,warmed
2,n,2,beret
2,r,-1,averrer
2,v,5,wake
2,v,5,relay
2,a,5,qt
2,a,4,superior
2,n,5,wimp
2,n,5,asks
2,v,3,regard
2,n,0,albeit
2,v,4,maintain
2,v,2,accustom
2,n,4,yea
2,a,5,delicate
2,v,5,lead
2,n,4,dang
2,a,5,update-i
2,a,5,devilish
2,n,5,Jones
2,v,3,determine
2,v,0,glisten
2,v,5,attain
2,v,5,steal
2,n,3,bee
2,a,2,noticeable
2,n,0,dimensional
2,n,5,oatmeal
2,n,4,wonky
2,v,5,aspartame
2,n,5,nob
2,a,3,under-cook
2,v,5,infuse
2,n,5,bonus
2,n,5,Colorado
2,v,5,shred
2,r,5,yearbook
2,v,5,rinse
2,v,5,shin
2,n,5,fatty
2,r,5,sparingly
2,n,4,nonsense
2,r,5,thankfully
2,a,1,caloric
2,n,3,chick
2,n,5,AP
2,n,5,club
2,n,3,amusingness
2,n,5,um mm
2,n,3,blending
2,n,5,seller
2,n,3,soggy
2,v,3,ring
2,n,1,revision
2,a,5,tremendous
2,n,2,benefit
2,n,5,death
2,n,5,tool
2,n,5,turtle
2,r,4,precisely
2,a,1,chuck
2,n,5,Ty
2,n,3,page
2,v,5,zap
2,v,5,restrain
2,r,5,heard
2,n,5,chow
2,n,5,starch
2,v,4,fatten
2,v,5,refrain
2,a,5,candied
2,n,4,removal
2,v,5,mask
2,r,5,disregard
2,n,5,xx xx
2,n,5,kosher
2,r,5,suddenly
2,n,5,Europe
2,n,-2,film
2,a,5,gentle
2,v,4,grate
2,n,5,wherever
2,n,5,isn't
2,a,0,confused
2,a,3,bare
2,n,5,brag
2,a,5,jumbo
2,n,2,torte
2,a,3,cal
2,n,2,int
2,v,5,absorb
2,a,3,slow
2,v,5,muck
2,n,4,creamer
2,n,4,receptive
2,n,-1,beholder
2,a,5,usable
2,n,5,bedtime
2,v,4,rip
2,a,5,illegal
2,n,5,remade
2,v,3,alleviate
2,n,5,toy
2,v,0,tilt
2,a,-1,quest
2,a,-1,frustrating
2,v,2,encounter
2,v,4,detract
2,a,4,required
2,n,5,parfait
2,n,5,opportunity
2,v,5,vs
2,a,5,saran
2,n,4,ad
2,n,5,daddy
2,a,5,robin
2,n,5,comparison
2,a,3,worthwhile
2,v,3,accompany
2,a,5,wide
2,n,5,tummy
2,n,3,tinker
2,v,5,tackle
2,a,1,weak
2,n,3,Platonist
2,v,4,drool
2,n,1,AZ
2,r,5,permanently
2,n,5,DP
2,a,5,die hard
2,a,5,milky
2,n,5,underneath
2,n,4,bowel
2,n,5,cashew
2,n,4,faith
2,v,5,rename
2,v,5,compete
2,n,1,DD
2,n,5,willpower
2,n,5,sac
2,v,2,task
2,a,5,tossup
2,n,1,rubbery
2,v,5,panic
2,n,5,Lakeisha
2,v,5,simpler
2,n,5,reluctant
2,n,5,clue
2,n,4,explosion
2,n,4,bay
2,n,2,furthermore
2,v,5,cookies
2,n,3,category
2,v,4,grind
2,v,5,preserve
2,n,5,buying
2,n,5,sin
2,v,5,haven't
2,n,5,magic
2,v,5,freak
2,a,4,attractive
2,n,1,sense
2,r,3,moderately
2,r,5,miserably
2,v,4,estimate
2,n,5,spreading
2,n,4,cappuccino
2,n,3,towel
2,v,4,ingredients
2,a,5,forgiving
2,n,4,bottle
2,v,4,scatter
2,v,3,flip
2,n,5,Florida
2,a,5,Italian
2,v,4,challenge
2,n,5,liquor
2,v,4,strain
2,a,5,sweetened
2,n,5,dance
2,a,5,granulated
2,v,5,tie
2,r,5,straightforward
2,a,4,ceramic
2,a,4,net
2,n,5,Belgium
2,v,5,reference
2,n,4,record
2,n,5,mayo
2,v,5,mouthwatering
2,n,5,maraschino
2,n,3,recopy
2,n,-1,bummer
2,v,5,arm
2,a,4,fortune
2,a,5,prune
2,v,4,overwork
2,a,5,couldn't
2,n,5,farm
2,n,5,magazine
2,a,5,tart
2,n,5,dove
2,n,4,chug
2,r,5,officially
2,n,5,creamier
2,n,5,shaving
2,r,4,sop
2,n,5,submitter
2,n,3,pump
2,n,5,patty
2,n,3,dollar
2,n,2,boot
2,v,5,jazz
2,r,4,waylay
2,r,4,fortunately
2,v,5,survive
2,v,1,cost
2,r,5,dangerously
2,a,1,teen
2,n,3,crater
2,a,4,outrageous
2,n,4,Hannah
2,n,5,Tracy
2,n,1,yikes
2,a,5,chocolate-y
2,a,5,guaranteed
2,a,5,generic
2,r,4,peso
2,n,1,dude
2,n,5,marijuana
2,v,3,over-bake
2,n,4,shine
2,v,4,unrefined
2,r,5,aide
2,n,3,split
2,n,5,hood
2,n,4,criticism
2,v,5,involve
2,n,5,leg
2,n,5,charm
2,n,5,dud
2,n,5,expert
2,n,5,Xmas
2,n,5,rosing
2,n,3,queen
2,v,4,calibrate
2,n,5,jiggly
2,n,5,tradition
2,v,5,f
2,n,4,France
2,n,3,aroma
2,a,4,concerned
2,n,5,aid
2,a,5,creative
2,n,5,tub
2,v,4,ditch
2,n,3,chewiest
2,n,3,Scottish
2,n,1,toddler
2,v,4,under baked
2,n,3,frosty
2,n,5,cycle
2,a,5,ridiculous
2,r,3,dynamite
2,a,5,flexible
2,n,4,biggie
2,n,5,burst
2,v,1,amend
2,a,5,reliable
2,n,5,x11
2,r,5,readily
2,n,1,bin
2,n,5,wire
2,n,3,howdy
2,n,5,vote
2,n,1,deviate
2,n,5,popcorn
2,n,4,Alyson
2,a,3,pour able
2,n,5,Schaeffer
2,n,5,Fleischman
2,n,5,oh..
2,v,5,prepackaged
2,n,4,flawless
2,v,5,sorta
2,r,5,thinly
2,a,4,pet
2,a,4,primary
2,n,5,gym
2,a,4,swiss
2,a,4,famous
2,n,5,solution
2,n,5,pace
2,n,4,restriction
2,n,5,molt
2,a,1,uniform
2,n,-2,goo
2,a,4,nay
2,n,4,stoneware
2,n,5,snicker
2,n,5,inf
2,n,5,energy
2,n,3,Italy
2,n,5,roof
2,n,5,h
2,a,5,worked
2,n,5,peanut butter
2,v,5,pregnancy
2,a,5,lactose
2,n,5,cabinet
2,n,5,Germany
2,v,1,spoil
2,a,5,amazon
2,a,5,redundant
2,a,5,recent
2,n,5,application
2,n,5,volunteer
2,r,4,cleanly
2,n,5,berry
2,v,2,dunk
2,a,2,elementary
2,n,5,computer
2,n,3,meant
2,n,5,undone
2,r,4,barley
2,n,5,hater
2,a,4,doubtful
2,n,5,flame
2,a,5,occasional
2,n,5,berger
2,r,5,partly
2,a,5,stove top
2,v,3,incite
2,n,5,partner
2,n,4,wine
2,n,3,garbage
2,n,5,card
2,r,1,noon
2,n,5,Mondays
2,n,0,#NAME?
2,n,5,hawk
2,v,3,imply
2,a,3,stellar
2,v,4,subtract
2,n,3,oval tine
2,v,3,cloy
2,v,3,sprout
2,n,4,interest
2,r,4,patiently
2,v,4,strive
2,v,3,qualify
2,v,1,slide
2,n,3,agent
2,n,5,beaten
2,n,5,processor
2,v,5,deflate
2,n,2,cake-y
2,n,5,pricey
2,n,-1,over-cook
2,n,4,Martha
2,n,0,grain
2,n,5,trans
2,n,5,ribbon
2,a,2,extraordinary
2,n,5,burning
2,n,5,awe
2,v,4,peel
2,n,5,I've
2,a,4,desperate
2,n,5,poison
2,r,3,nevertheless
2,n,5,scat
2,a,5,scary
2,a,5,apprehensive
2,n,-1,statement
2,n,5,weather
2,a,4,initial
2,a,5,insanely
2,n,5,indulgence
2,n,5,stomach
2,n,4,peeve
2,n,2,midnight
2,n,4,client
2,r,3,unanimously
2,v,5,charge
2,n,5,possibility
2,n,5,avocado
2,a,4,condensed
2,n,5,Ardelia
2,n,4,cheer
2,a,5,medical
2,v,5,accomplish
2,a,5,various
2,n,5,pumpkin
2,a,2,intact
2,n,4,napkin
2,v,5,ores
2,n,1,gut
2,n,5,increment
2,n,-1,lifeless
2,v,5,plop
2,n,5,sibling
2,a,5,southern
2,v,5,vent
2,n,-1,accent
2,a,4,hello
2,a,3,upped
2,n,1,Canada
2,a,3,shabby
2,a,5,tricky
2,a,4,rocky
2,n,-1,lackluster
2,n,5,coating
2,v,4,preheat
2,a,-3,flavorless
2,n,4,Heinz
2,a,4,needs
2,n,5,sunflower
2,n,5,joke
2,n,4,asap
2,n,5,essential
2,n,1,lust
2,v,5,bang
2,n,5,pattern
2,r,5,alcohol
2,n,2,verdict
2,v,3,laugh
2,n,4,us
2,a,0,bust
2,n,1,boohoo
2,v,4,glitch
2,n,4,quicker
2,v,2,mellow
2,a,1,impressive
2,a,5,social
2,v,4,dub
2,a,4,frothy
2,n,5,cholesterol
2,v,5,marble
2,v,5,shut
2,a,2,under cooking
2,a,5,luscious
2,v,1,tap
2,v,3,richer
2,n,5,confection
2,a,5,crumbled
2,v,5,justice
2,a,5,stupid
2,a,1,compact
2,n,5,tester
2,n,5,PMS
2,n,5,Frye
2,n,4,Andee
2,n,5,broiler
2,a,5,cornbread
2,n,3,caveat
2,n,5,pipe
2,n,5,softness
2,n,1,risk
2,n,5,manna
2,a,4,sensitive
2,n,5,tar
2,a,5,guitar
2,n,5,history
2,n,5,prize
2,n,5,exquisite
2,r,0,intensely
2,n,5,million
2,n,5,DI
2,n,5,edition
2,r,5,admittedly
2,n,5,Celia
2,a,3,ditched
2,a,4,boiling
2,a,5,snow
2,r,5,heartily
2,n,5,ripe
2,a,5,dear
2,n,5,believer
2,v,4,premix
2,a,5,thousand
2,n,1,described
2,v,5,roast
2,v,5,ere
2,v,3,turnout
1,a,3,thickly
1,a,5,unflavored
1,v,3,reset
1,n,5,topper
1,a,-3,nose
1,a,5,competitive
1,a,5,4th
1,n,5,thereby
1,n,5,recommencement
1,n,5,elevation
1,a,5,isochronal
1,n,5,crud
1,a,3,western
1,n,5,bundle
1,v,5,accept
1,v,3,lax
1,n,5,whew the
1,a,1,quiet
1,a,5,malicious
1,a,1,sole
1,r,-1,explicitly
1,a,3,dependent
1,n,5,airbase
1,n,-3,zucchini
1,a,-3,ugh
1,n,5,amazement
1,n,5,instructs
1,a,5,newbie
1,a,5,delightfulness
1,n,5,Ir
1,v,5,cherries
1,n,5,mercy
1,n,5,o-o-h-h
1,a,-3,unmnemonic
1,n,1,antenna
1,n,5,complainer
1,a,-1,unfortunate
1,n,1,kink
1,n,5,for chocolate
1,a,5,floppy
1,a,5,pt
1,r,-1,secondly
1,n,5,someplace
1,a,5,adventurous
1,a,5,sorghum
1,n,5,leaf
1,v,1,Joyce
1,a,5,economical
1,n,3,contestant
1,n,3,barefoot
1,n,5,trainer
1,n,5,garnishment
1,v,-3,frustrate
1,a,5,biomedical
1,n,5,hospital
1,v,3,doubtless
1,n,5,Houyhnhnm
1,v,5,rain
1,n,5,Ur
1,r,3,mouth-waveringly
1,r,1,unbearably
1,n,5,yeahs
1,n,5,gem
1,a,3,potent
1,n,5,whiz
1,n,5,popularity
1,n,5,perfecter
1,v,3,trade
1,a,5,capable
1,n,3,Pangaea
1,a,5,rounded
1,a,5,no-muss
1,r,3,relatively
1,n,5,band
1,n,3,medicine
1,n,3,dramatist
1,n,5,demigod
1,n,5,indifference
1,n,1,nature
1,n,5,bobby
1,a,5,arrowhead
1,v,3,damage
1,v,5,threaten
1,v,1,#NAME?
1,a,5,ran
1,a,5,disappeared
1,a,5,porous
1,n,3,hall
1,v,-1,replicate
1,n,1,any case
1,a,5,quintessential
1,a,5,bat cave
1,a,5,stayed
1,n,5,wedding
1,n,5,streak
1,v,3,insure
1,v,5,tug
1,a,5,15th
1,n,5,Ogbomosho
1,n,5,liqueur
1,n,5,proposal
1,a,-3,morbidly
1,v,5,snore
1,a,1,adjective
1,a,-1,crackled
1,n,5,necessity
1,n,5,composition
1,n,3,slop
1,a,5,sharp
1,n,5,Chapman
1,n,3,buckboard
1,a,5,8-wedge
1,n,5,chi
1,a,5,users
1,a,1,grown
1,n,5,Hope
1,a,5,20-25
1,n,5,fence
1,n,5,moo
1,n,5,agenda
1,a,5,rural
1,n,3,moon
1,n,5,duty
1,n,5,complaining
1,v,5,curdle
1,a,3,Asian
1,a,1,anorexic
1,v,5,reinforce
1,n,-1,bone
1,n,5,staff
1,n,5,microchip
1,n,5,anew
1,r,5,decadently
1,n,5,endorsement
1,a,5,seriously-
1,n,5,heft
1,v,1,would change
1,v,5,hundreds
1,a,3,battery
1,a,5,Chilean
1,v,5,reply
1,n,5,brouhaha
1,n,5,Becky
1,r,5,alike
1,v,5,comprehend
1,v,5,unstuck
1,n,5,superstar
1,n,-3,rakish
1,n,5,twang
1,v,5,johnny
1,n,3,watcher
1,a,5,crying
1,a,5,cracked
1,v,5,widen
1,n,5,Yvonne
1,a,5,undesirable
1,v,3,whatever
1,a,5,proven
1,v,5,reviewers
1,n,5,cooker
1,n,3,stead
1,n,5,bigging
1,n,5,radio
1,n,3,to mix
1,n,5,greeting
1,n,5,kiddy
1,v,5,^_^
1,a,5,physical
1,r,5,veneerer
1,n,5,discipline
1,v,3,bind
1,n,3,hardcore
1,v,5,exaggerate
1,n,5,boss
1,a,5,requested
1,n,5,sitting
1,n,5,crisper
1,n,5,hassle
1,a,3,adjacent
1,r,3,overdone
1,a,5,understatement
1,n,5,holder
1,n,5,toping
1,v,1,patter
1,n,5,requisite
1,a,5,blended
1,n,5,hoe
1,v,5,woulds
1,n,3,honor
1,n,5,Kinshasha
1,n,5,pause
1,a,5,Finnish
1,a,5,shopped
1,n,5,Jan
1,n,5,valley
1,n,5,hand mixer
1,v,3,fir
1,a,5,sprinkled
1,n,1,crummy
1,n,5,consensus
1,n,5,paradise
1,a,5,confident
1,n,3,displeasure
1,a,5,verbal
1,n,3,bargain
1,r,5,smartly
1,v,5,generate
1,v,5,obsess
1,r,3,unsightly
1,n,3,cell
1,a,5,es
1,a,5,unhealthy
1,a,3,uses
1,r,5,stillest
1,a,-1,excessive
1,n,5,park
1,a,5,tangy
1,n,5,ringed
1,n,5,lone
1,n,1,blurb
1,a,5,old-fashioned
1,n,3,tootsie
1,a,1,hardened
1,n,5,backscattering
1,v,5,overtax
1,a,5,savored
1,n,5,gloss
1,n,3,Tyler
1,n,1,ray
1,n,5,smoothness
1,a,5,intolerant
1,v,3,veer
1,n,3,resulting
1,n,1,was okay
1,n,5,devise
1,n,5,dignity
1,n,5,Brahms
1,v,-3,dishearten
1,n,5,disappoints
1,v,5,peanuts
1,n,3,storage
1,v,1,morph
1,a,1,FALSE
1,a,5,significant
1,v,5,quote
1,n,5,Bunnie
1,n,5,blackberry
1,n,5,Arthur
1,r,3,deplorably
1,a,-3,wasted
1,v,5,dog
1,n,5,January
1,n,5,commemorator
1,a,-3,current
1,n,5,Xylia
1,n,5,childcare
1,a,5,unhappy
1,v,5,combat
1,v,-3,accompanier
1,v,5,loveliest
1,n,3,dreamy
1,v,5,k
1,n,5,compensation
1,n,5,chart
1,a,5,bes test
1,n,5,flay
1,v,5,supplement
1,v,-1,necessitate
1,n,5,tableware
1,a,5,tastes
1,n,5,blueberry
1,a,3,blond
1,n,5,et
1,n,3,easter
1,n,5,yep
1,v,-1,tune
1,n,5,track
1,n,5,Finland
1,n,-3,April
1,n,5,corning ware
1,n,5,Rapunzel
1,a,5,fudge-a-vicious
1,n,5,ghost
1,a,3,cake-type
1,a,5,mighty
1,n,1,steak
1,n,5,Marshall
1,a,5,pesky
1,a,5,unsifted
1,n,5,brace
1,n,3,greasiness
1,n,5,briny
1,n,5,ridge
1,n,5,deeply
1,v,5,are mouthwatering
1,a,5,album
1,n,5,reception
1,n,3,confect
1,v,1,abilities
1,n,3,broil
1,n,5,absentmindedness
1,a,-1,tragic
1,n,5,rectangle
1,n,5,distraction
1,a,3,nauseous
1,n,5,selling
1,n,-3,horse
1,a,5,concrete
1,a,5,worlds
1,n,5,clarification
1,a,5,frosting-less
1,n,5,Thames
1,v,5,cheer leading
1,n,5,slogan
1,v,5,reattempt
1,a,5,lily
1,n,5,inspiring
1,v,5,reveal
1,n,5,chair
1,n,1,guideline
1,a,-1,UN-spreadable
1,n,3,ducat
1,v,5,one thing
1,a,-1,unlikely
1,v,5,snoop
1,r,5,electromyographically
1,a,5,unbelted
1,a,5,topped
1,n,5,mouth feel
1,v,5,perk
1,n,5,Madeira
1,n,5,#NAME?
1,n,5,stepdaughter
1,n,-1,pound cake
1,n,3,prayer
1,n,5,celebration
1,v,3,deceive
1,n,3,tang
1,n,5,HTTP
1,n,5,nap
1,n,5,ax
1,n,5,Zen
1,n,5,preschooler
1,a,5,spiritual
1,a,5,triply
1,n,5,impression
1,v,5,hound
1,n,5,syrupy
1,n,5,superstore
1,a,5,results fabulous
1,a,5,two-bite
1,n,5,county
1,n,5,bed
1,n,5,substance
1,v,5,crawl
1,a,3,sickly
1,n,5,cheaply
1,n,5,bravo
1,n,5,delis th
1,n,1,creation
1,n,5,splendor
1,n,5,vi
1,n,3,babysitter
1,a,5,frantic
1,n,-3,nightmare
1,n,5,turban
1,n,5,chocolate chips
1,a,5,definable
1,n,3,nutrition
1,a,5,rm
1,v,5,k8320
1,a,3,oiler
1,n,5,kick boxing
1,a,5,alas
1,n,5,Emilee
1,v,3,butte
1,n,5,snag
1,v,-3,reread
1,a,5,hyperbole
1,v,3,jump
1,v,5,bulk
1,n,3,lacking
1,n,5,zone
1,v,5,ship
1,r,5,rapidly
1,n,5,Monday
1,r,3,rigorously
1,a,5,2-Jan
1,a,5,appreciative
1,r,3,necessarily
1,n,-1,ripoff
1,n,3,juice
1,a,5,amazed
1,n,3,tingle
1,v,5,drag
1,a,5,loyal
1,n,5,easy..
1,v,5,hereafter
1,v,3,pinpoint
1,v,3,heed
1,v,5,conflict
1,a,-1,noted
1,n,5,Brownie
1,n,3,lode
1,n,3,clay
1,n,5,greasing
1,n,5,index
1,v,5,tablespoons
1,n,5,fantasy
1,n,3,ornery
1,n,3,phone
1,n,3,fame
1,a,5,glycerin
1,n,5,Jello
1,a,3,resultant
1,a,5,silky
1,n,5,souse
1,n,3,altercation
1,r,5,remarkably
1,v,3,stiffen
1,n,5,spicy
1,r,3,tighter
1,v,5,redirect
1,n,3,silicon
1,n,5,smack
1,n,5,monster
1,n,5,devil
1,a,3,neutral
1,n,5,posting
1,a,5,culinary
1,a,1,-0.5
1,n,1,gummy
1,n,1,toothache
1,v,5,boast
1,n,5,begs
1,a,5,smallish
1,r,3,thoughtlessly
1,v,5,eyeball
1,n,5,mayonnaise
1,a,-3,phoenix
1,a,5,bible
1,n,5,sari
1,a,5,unanimous
1,n,1,guilt
1,n,-1,William
1,n,5,mega-great
1,a,5,10th
1,a,-1,crusty-topped
1,v,-3,dick
1,r,-3,repeatedly
1,a,-1,puffy
1,n,5,stopper
1,n,3,lends
1,r,3,densely
1,r,5,excessively
1,n,3,ck
1,a,-3,lending
1,n,5,thanker
1,a,3,unbaked
1,v,5,elevate
1,a,5,pathetic
1,v,5,overdo
1,n,5,cake-ness
1,n,3,doctoring
1,n,5,fire
1,v,-1,enthuse
1,v,5,clothe
1,r,5,higher
1,a,5,involved
1,n,5,Chantal
1,n,5,Andy
1,n,3,latter
1,a,-1,pale
1,n,-3,specification
1,a,1,boccie
1,n,5,rd
1,n,5,outer
1,a,5,burlap
1,n,1,bitty
1,a,1,tedious
1,a,3,shaved
1,v,5,stress
1,a,5,coco-holic
1,n,5,outing
1,n,5,Young
1,n,5,counterpoint
1,n,3,Saundra
1,r,5,doter
1,n,5,gooey est
1,n,3,star bucks
1,n,5,Ole
1,n,1,Godiva
1,n,5,canister
1,a,5,lubricious
1,n,3,peroration
1,a,5,las
1,v,-1,crystallize
1,n,3,downfall
1,n,3,spread ability
1,v,5,interfere
1,n,3,minibike
1,n,5,workplace
1,n,3,bey
1,n,5,yearn
1,a,5,tart-kind
1,a,5,be-all
1,n,5,Ferrer
1,n,5,crowed
1,n,5,spirit
1,n,5,loveliness
1,v,5,fro
1,r,-3,sincerely
1,n,5,cake-sines
1,n,3,haunt
1,a,5,not have
1,r,5,primes
1,n,5,carol
1,n,5,relief
1,n,3,duff
1,a,1,geese
1,n,5,yum-o
1,n,5,gasp
1,v,5,have left
1,n,5,business
1,n,5,residual
1,n,5,California
1,a,1,moderate
1,n,5,carnation
1,n,5,Geneva
1,n,5,Justus
1,n,1,Crayola
1,v,5,skew
1,n,5,Gerhardine
1,n,3,indentation
1,v,5,hire
1,n,5,missing
1,a,3,nonfat
1,r,5,manly
1,n,5,hurry-up-and-eat-the-whole-pan-before-the-family-gets-home-because-i-
1,n,5,wedge
1,n,1,furor
1,n,5,apple bees
1,a,5,self-respecting
1,n,3,program
1,n,3,recap
1,n,5,rationalize
1,n,5,prisoner
1,r,5,undoubtedly
1,n,5,inclusion
1,v,1,clarify
1,n,5,Allyson
1,v,5,pardon
1,a,3,moisturized
1,n,5,iffy
1,a,3,slice able
1,n,5,recipe about
1,r,5,drastically
1,v,5,awake
1,n,3,peach
1,n,5,pant
1,a,-3,inserted
1,n,1,blab
1,v,1,register
1,n,5,reduces
1,a,5,phantom hive
1,n,5,duck
1,n,5,punt
1,n,5,outdoor
1,a,5,unrefrigerated
1,n,5,divinity
1,a,5,counterrevolutionary
1,n,5,dealership
1,a,3,reasonable
1,r,-3,sic kingly
1,v,5,swamp
1,n,3,Cypriot
1,r,5,generously
1,n,5,snob
1,n,5,addiction
1,n,-1,hoopla
1,n,-3,bubbling
1,n,5,Onfre
1,n,5,midpoint
1,n,3,slicing
1,n,5,weakness
1,n,5,Heidelberg
1,v,5,reserve
1,v,5,nm
1,n,5,dryer
1,v,5,acquaint
1,r,5,simultaneously
1,n,5,Ceylon
1,a,5,proud
1,n,3,fund raiser
1,n,5,lent
1,n,5,excuse
1,n,5,expression
1,n,1,floury
1,n,5,bear
1,n,3,competition
1,a,5,inexpensive
1,v,5,franticly
1,v,5,iii
1,n,5,relentless
1,a,5,whatnot
1,v,5,patch
1,a,5,exotic
1,n,1,matriarchal
1,n,5,bard
1,n,5,saving
1,n,5,froze
1,n,3,Callean
1,a,3,1990s-
1,n,1,skewer
1,a,5,epic
1,v,5,chock
1,n,5,resistance
1,n,5,dorm
1,n,3,distribution
1,a,5,oxford
1,v,5,revolt
1,n,5,Emmye
1,a,5,musical
1,n,5,g.
1,r,5,liberally
1,n,5,moses
1,v,5,notate
1,n,-3,lab
1,r,5,deficiently
1,v,5,over-beat
1,n,1,explanation
1,v,5,pit
1,n,5,rocky road
1,a,5,casual
1,v,5,presto
1,n,1,bitterness
1,n,5,rotation
1,n,5,buyer
1,a,3,duper
1,v,5,proclaim
1,v,5,elm
1,a,5,break-your
1,a,5,unbearable
1,a,5,ohmic
1,v,5,standee
1,n,5,miracle
1,n,5,egg whites
1,n,5,Evans
1,n,5,supermarket
1,n,5,snacking
1,n,5,stupidity
1,n,5,clam
1,n,5,sq
1,n,5,aunt
1,v,5,naked
1,a,5,drizzled
1,n,3,pickle
1,a,5,unknown
1,n,5,decade
1,a,3,allotted
1,n,-1,stretch
1,n,5,gate
1,v,5,emote
1,n,-1,brook
1,v,3,whelp
1,n,5,trader
1,v,1,wag
1,r,3,plops
1,n,5,Pamela
1,v,3,fa bu
1,n,5,ginger
1,v,5,wised
1,v,3,forkfuls
1,v,3,sweat
1,r,5,interestingly
1,n,3,intensity
1,n,5,speck
1,v,5,yell
1,n,5,Allianora
1,n,5,op
1,n,5,Peggy
1,a,3,heated
1,a,5,nutritious
1,v,5,pured
1,r,5,confidently
1,v,3,overuse
1,v,-1,confirm
1,n,3,snarfed
1,n,5,credit
1,n,5,bacon
1,v,5,tighten
1,n,5,tapioca
1,n,1,Ina
1,n,5,pate
1,a,5,uncommon
1,a,-3,dunno
1,a,3,wobbly
1,v,3,pool
1,n,5,appreciation
1,a,-1,toned
1,n,1,chain
1,v,5,prop
1,n,3,taste buds
1,r,5,foolishly
1,n,3,reminds
1,a,1,soupy
1,n,5,witch
1,v,5,punky
1,n,5,pd
1,n,5,snick
1,a,5,mistaken
1,a,5,bye-bye
1,a,3,packed
1,a,5,slivered
1,n,5,sailor
1,n,3,volume
1,v,5,doom
1,n,5,guru
1,v,-3,fathom
1,a,5,Sebastian
1,a,3,looks
1,n,3,cranny
1,v,-1,envision
1,v,5,katydid
1,a,5,definitive
1,n,5,sodium
1,v,5,aren't
1,a,5,peepy
1,n,5,doubling
1,n,5,thereof
1,a,5,lovechild
1,a,5,satin
1,n,1,finale
1,a,5,married
1,n,5,cardboard
1,n,5,squeal
1,a,5,gigantic
1,n,5,woos
1,n,5,rota
1,n,5,gold
1,v,5,triangulate
1,n,5,villain
1,a,5,fishy
1,r,5,overpoweringly
1,n,-1,action
1,v,1,undeserving
1,v,3,fluffiness
1,n,5,briskly
1,a,3,festive
1,n,5,mud
1,n,3,piping
1,n,5,dinnertime
1,a,5,nostalgia
1,a,3,fragile
1,a,5,surprising
1,v,5,demolish
1,a,5,eagle
1,n,-1,papery
1,n,1,stickler
1,a,5,om-
1,n,5,nut butter
1,a,3,unbleached
1,n,5,grand mama
1,r,-3,supposedly
1,v,3,capture
1,n,3,gm
1,a,3,demonic
1,v,-1,chalk
1,a,5,imperial
1,v,5,strip
1,v,-1,announce
1,n,5,Jon
1,n,3,tenure
1,a,-1,slam
1,n,5,Christmastime
1,n,5,ability
1,n,5,loser
1,a,5,mumble
1,v,3,bum
1,v,5,tiara
1,a,3,alongside
1,v,5,gild
1,n,5,blessing
1,a,5,seasonal
1,v,3,shift
1,n,5,Ev
1,n,5,razz
1,a,5,addicting
1,r,3,specifically
1,n,5,Philadelphia
1,v,5,partake
1,v,5,impart
1,n,5,mus
1,r,5,apiece
1,n,3,WA
1,n,5,Penney
1,v,5,crash
1,n,5,Reynolds
1,v,1,blot
1,a,5,controversial
1,v,3,din
1,v,5,react
1,a,5,precise
1,v,3,grams
1,n,5,sour gum
1,n,3,coast
1,a,5,acceptable
1,n,5,generation
1,n,-3,scathing
1,n,5,oozy
1,n,5,substrate
1,a,5,unavailable
1,n,5,lg
1,n,3,budget
1,a,5,idiot
1,v,3,morales
1,n,-3,AR
1,a,3,circular
1,r,5,tightly
1,n,3,procedure
1,n,5,cagier
1,v,5,woo
1,a,5,fructose
1,v,5,ace
1,v,5,germ
1,v,5,beaus
1,a,1,unimpressive
1,a,5,grated
1,v,3,brighten
1,n,5,omega
1,n,5,cutter
1,n,5,pleasure
1,n,5,gr
1,a,3,presentable
1,n,5,buzz
1,n,5,hanging
1,v,5,christen
1,n,5,culprit
1,n,5,discussion
1,n,5,aria
1,n,3,4-stars
1,v,3,folklorist
1,v,5,saturate
1,n,3,balloon
1,n,1,heals
1,a,5,northern
1,n,3,forth
1,a,5,public
1,n,5,Thompson
1,n,5,rapeseed
1,n,-3,rite
1,v,3,fracture
1,n,5,babysit
1,n,1,binge
1,a,5,metric
1,a,5,5/1/2003
1,v,5,darling
1,v,5,certify
1,v,5,refine
1,r,5,sooner
1,n,5,sigh
1,n,5,jam
1,v,5,Waite
1,a,5,elegant
1,n,3,clutch
1,a,1,biter
1,n,5,divider
1,a,1,butter-cocoa-eggs-sugar-dry
1,n,5,Nebr
1,v,5,impact
1,n,3,establishment
1,a,5,hopeless
1,r,5,deadly
1,a,5,sophisticated
1,v,5,over-do
1,a,1,desirable
1,v,5,o.
1,n,5,mainstay
1,n,5,link
1,r,5,promptly
1,v,5,replenish
1,n,5,whey
1,n,1,okapi
1,v,5,dissipate
1,r,5,gastronomically
1,a,3,intensive
1,n,-1,vice
1,n,1,recipe but
1,a,5,gnomish
1,a,5,in-house
1,v,5,briefly
1,n,5,refers
1,a,5,listed
1,n,5,surgery
1,a,5,kept
1,n,1,Southey
1,a,5,hugs
1,n,3,richest
1,v,5,dbl
1,r,-1,reluctantly
1,r,5,belly
1,a,3,displeased
1,a,5,flesh
1,n,5,pent
1,v,5,shop
1,n,5,Glenda
1,n,5,verbatim
1,n,5,re frig
1,v,5,elude
1,n,3,WW
1,r,5,beside
1,n,3,lengthwise
1,r,5,handedly
1,n,5,argument
1,a,-1,modern
1,v,1,deter
1,n,3,foreigner
1,v,5,me know
1,v,3,recover
1,a,5,tips-
1,v,3,cos
1,n,5,territory
1,v,5,feed
1,n,5,england
1,n,5,geom
1,a,5,fatness
1,n,5,disarray
1,a,5,newlywed
1,v,1,sewer
1,n,-1,marine
1,a,5,aerated
1,n,3,skimpy
1,n,-1,Sonoma
1,v,5,diminish
1,r,5,religiously
1,v,5,spell
1,n,5,indicator
1,n,5,skeptic
1,a,-3,yous
1,n,5,mate
1,n,5,gin ache
1,a,1,embarrassed
1,n,5,clown
1,a,5,romantic
1,v,5,teach
1,v,5,antsy
1,n,1,browning
1,a,5,filled
1,v,3,ands
1,r,5,virtually
1,a,-1,flavored
1,n,5,inner
1,n,5,cheater
1,n,5,soul
1,n,5,WWW
1,v,5,comeback
1,n,1,mass
1,n,5,brewer
1,n,5,floor
1,n,5,disk
1,n,5,champ
1,v,-3,influence
1,v,5,goggle
1,v,5,deduct
1,v,1,invert
1,v,5,yeast
1,a,5,official
1,n,5,carton
1,a,5,morale
1,n,1,clot
1,n,5,pray
1,n,3,twixt
1,v,5,raisins
1,a,5,glutinous
1,n,5,custard
1,n,5,concert
1,n,1,defense
1,v,5,liquefy
1,v,5,abouts
1,r,1,noticeably
1,n,5,exhausting
1,r,5,nonstop
1,a,-1,mentioned
1,n,5,scavenger
1,a,3,eggs-
1,v,5,perish
1,v,5,mislead
1,n,5,XOR
1,n,5,opening
1,n,1,guide
1,n,5,easy to
1,v,5,transport
1,n,5,Megan
1,n,3,subtraction
1,a,3,adjustable
1,r,5,overboard
1,r,5,sickeningly
1,n,5,devotee
1,n,3,john
1,r,5,decoratively
1,n,5,flatmate
1,n,-3,excess
1,v,1,construct
1,n,3,non-sugar
1,v,5,spruce
1,n,5,bingo
1,a,5,watchful
1,v,5,sniff
1,a,5,lie-
1,n,5,chief
1,n,5,Vegas
1,r,5,saver
1,n,5,Wat
1,v,3,struggle
1,a,5,pl
1,r,5,appropriately
1,n,5,clean-up
1,n,5,sup
1,v,-3,swim
1,v,5,foster
1,a,5,naughty
1,n,5,heartbeat
1,v,5,testes
1,n,5,ND
1,a,-1,rapturous
1,n,5,devote
1,n,5,situation
1,n,5,prettiest
1,a,3,mere
1,a,5,explicit
1,n,5,hospice
1,n,5,goofy
1,v,5,pink
1,n,5,updatability
1,n,5,Bobby
1,v,3,vision
1,n,5,hearty
1,v,5,collect
1,a,5,negligible
1,v,5,goof
1,n,3,game
1,n,5,mouse
1,n,5,zag
1,n,5,somnolent
1,n,3,approach
1,a,3,weeknight
1,n,1,environment
1,n,5,creaminess
1,v,1,lean
1,a,5,overcooked
1,n,5,governorship
1,n,5,Czech
1,a,5,non salted
1,n,5,Wednesday
1,n,5,Adams
1,n,3,glossiness
1,a,5,nibble
1,n,3,messenger
1,r,3,naturally
1,n,5,email
1,n,5,it's
1,n,3,eyesore
1,v,5,pore
1,n,3,speaks
1,n,5,crunchiness
1,n,5,term
1,a,5,easy for
1,a,5,super moist
1,v,5,domesticate
1,n,5,male
1,n,5,attempter
1,v,5,vow
1,a,5,frequent
1,n,5,smear
1,a,1,conflicted
1,n,1,calf
1,v,5,warp
1,r,1,distinctly
1,n,5,league
1,n,-3,graduation
1,v,5,mimic
1,v,5,avert
1,n,5,a++++++++++++++++++++
1,v,5,drape
1,n,5,Wyomingite
1,n,5,folder
1,v,5,whirl
1,a,5,stated
1,v,5,jog
1,r,5,non-dairy
1,n,5,lunch box
1,v,5,ashamed
1,n,5,York
1,a,5,feel-better
1,n,3,typo
1,a,5,yum yum
1,n,5,skillet
1,n,5,invitation
1,n,5,giggle
1,v,5,expose
1,v,-3,displease
1,a,5,stable
1,n,5,Chile
1,n,5,frosting less
1,r,3,apologize
1,n,5,cottage
1,v,5,astound
1,a,3,bribe
1,v,5,annihilate
1,n,5,tollhouse
1,n,5,orgasm
1,a,1,enormous
1,a,1,shame
1,n,-1,Rudd
1,a,3,decidable
1,n,5,kitten
1,v,-1,cling
1,n,5,MN
1,n,5,verse
1,a,5,sumptuous
1,n,5,lactation
1,a,5,Dominican
1,n,3,disc
1,r,5,coarsely
1,a,5,scared
1,a,3,beloved
1,n,3,waist
1,a,3,preferable
1,a,5,stained
1,n,5,autumn
1,n,5,temptation
1,n,5,sleepover
1,n,5,permission
1,r,5,smashingly
1,n,5,#NAME?
1,n,5,Michaeline
1,r,5,egg only
1,a,3,sunken
1,v,5,inform
1,n,5,waistline
1,n,5,#NAME?
1,n,5,route
1,n,5,southerner
1,n,5,nova cat
1,v,5,outtake
1,a,5,boiled
1,r,5,considerably
1,v,5,bookmarked
1,n,5,spur
1,n,5,creaming
1,n,5,greatcoat
1,n,3,element
1,a,5,half-baked
1,v,5,rub
1,n,5,cocoon
1,n,-3,whatsoever
1,n,5,officemates
1,n,5,jiffy
1,n,5,hell
1,a,5,rewarding
1,n,3,notch
1,n,3,hydroxylation
1,n,5,taster
1,n,5,zillion
1,n,5,ska
1,n,3,David
1,v,5,discourage
1,a,3,rated
1,a,5,endue
1,a,1,unimpressed
1,n,5,pairing
1,n,5,Sassoon
1,v,5,cry
1,n,5,play-hod
1,n,5,voice
1,r,5,ordinarily
1,a,1,wacky
1,n,-1,border
1,n,5,sultana
1,n,5,pas
1,n,5,thankful
1,n,5,pol
1,r,3,thematically
1,a,5,tight
1,n,5,Ewell
1,v,5,rant
1,v,5,Google
1,a,5,oval
1,a,3,lid
1,n,5,ache
1,a,-1,redeeming
1,n,1,improvement
1,a,5,applicable
1,n,5,Hummel
1,a,3,charred
1,a,5,tops
1,n,5,searching
1,v,5,disguise
1,a,5,infomercial
1,n,5,tombstone
1,n,-1,husk
1,n,5,OT
1,n,5,gee
1,n,3,contender
1,a,3,sympathy
1,n,3,yard
1,n,3,legginess
1,r,5,found
1,v,5,bus
1,n,5,auto correct
1,n,-3,tinge
1,a,5,eleven
1,a,5,adorable
1,a,1,prominent
1,n,5,kayo
1,n,3,Vietnam
1,n,3,bidder-makers
1,v,5,#NAME?
1,n,-1,breaker
1,a,5,variable
1,n,5,sack
1,v,5,dilemma
1,n,5,humidity
1,n,5,nausea
1,n,5,view
1,n,3,adaptation
1,v,5,adjustments
1,n,3,borderline
1,a,5,droopy
1,r,5,awfully
1,a,3,laughable
1,r,5,neon
1,n,-1,Alton
1,a,5,sugar-free
1,a,5,unmemorialized
1,a,5,hazelnuts
1,a,5,sink-your-teeth-in
1,n,5,prefigure
1,n,3,downside
1,n,5,gaga
1,n,3,alum
1,n,-3,disgusting
1,a,3,sill
1,n,5,resident
1,n,5,thorn
1,n,5,chewy-chocolaty
1,n,5,minuet
1,a,3,integrated
1,n,5,unbid
1,n,3,Vietnamese
1,n,3,wiggle
1,n,5,fraction
1,v,5,cockamamie
1,n,5,customer
1,n,5,avid
1,n,1,extent
1,a,5,soft-cake-like
1,a,3,wick
1,v,5,come over
1,n,5,messing
1,n,5,cellophane
1,n,5,web-site
1,n,3,double-up
1,a,5,restricted-fat
1,v,5,over-mixing
1,n,3,Kenny
1,v,5,cud
1,n,-3,junk
1,v,3,pry
1,a,5,ample
1,n,3,whet
1,n,5,inlay
1,a,3,unfair
1,a,5,unpasteurized
1,n,5,whoosh
1,r,5,times
1,v,5,snowy
1,n,5,whew
1,n,5,reading
1,n,5,Madurai
1,n,5,NZ
1,v,5,ming
1,a,3,uniformly
1,n,5,dinnerware
1,v,1,upgrade
1,r,5,doggone
1,n,5,ch
1,a,5,fudge-y
1,n,5,religion
1,n,5,wording
1,n,5,exhibition
1,n,3,silk
1,n,-1,abundance
1,n,5,easiest
1,a,3,flour less
1,n,5,Hebraic
1,n,5,Giralda
1,a,5,called
1,n,3,segue
1,n,5,multitude
1,v,5,overdose
1,a,5,scientific
1,n,5,giggling
1,n,5,chihuahua
1,v,5,glide
1,a,5,hub-bye
1,n,5,hallelujah
1,n,5,dept
1,n,5,flare
1,a,5,hooked
1,v,3,label
1,a,5,unselfish
1,a,5,smelled
1,n,5,lookout
1,n,3,blind
1,n,5,blood
1,a,5,disposable
1,v,5,respond
1,n,5,testimony
1,v,5,commit
1,n,5,beau
1,n,5,benevolence
1,a,5,persistent
1,n,3,concept
1,n,5,dope
1,n,5,Richardson
1,n,5,bonnet
1,a,3,rid
1,r,5,fantastically
1,n,5,pureed
1,n,5,air holes
1,n,3,marveling
1,a,5,fluffed
1,a,-1,unappetizing
1,r,5,sssssssssssssooooooooooooooooooooo
1,r,3,inherently
1,a,5,no-fuss
1,v,3,trap
1,n,1,lame
1,n,-3,directive
1,n,5,bonfire
1,n,5,assessment
1,n,5,tweaker
1,n,5,rape
1,n,5,Grantham
1,r,1,cloyingly
1,a,1,frugal
1,n,5,reviewing
1,n,3,mission
1,v,5,neglect
1,n,5,marriage
1,r,5,mistakenly
1,v,5,batman
1,a,5,iced
1,v,5,stash
1,n,5,sunk
1,n,5,antioxidant
1,a,5,all recipe
1,n,1,designation
1,n,5,menu
1,a,1,#NAME?
1,n,5,critique
1,n,5,bos
1,a,5,wheat less
1,n,5,worrying
1,n,5,scent
1,n,5,buddy
1,v,5,stink
1,n,5,muscat
1,n,5,sight
1,a,3,luxurious
1,n,5,Aquino
1,n,5,mar
1,r,5,abroad
1,v,5,outline
1,a,5,belief
1,a,5,crunchy-edged
1,a,5,brownish
1,v,5,overstate
1,n,5,corny
1,n,5,maraca
1,n,3,mini loafs
1,n,5,education
1,v,3,annoy
1,n,5,zig
1,v,5,surpass
1,a,5,crinkly
1,n,5,whiskey
1,a,5,printed
1,v,5,except
1,a,5,wild
1,n,5,peachy
1,n,5,Xanthus
1,n,1,tact
1,v,1,respect
1,n,5,finishing
1,n,5,Luke
1,a,5,sightread
1,n,5,treadmill
1,n,5,commenter
1,n,5,chi pits
1,a,5,fourths
1,v,-1,****
1,r,-1,solely
1,a,5,prescribed
1,n,5,pours
1,a,1,unclear
1,a,5,walnuts-
1,a,5,cloud
1,a,5,grown-ups
1,a,5,temperamental
1,v,5,resound
1,n,5,merit
1,v,3,misread
1,n,5,suicide
1,n,5,*****
1,n,5,Fugger
1,n,3,poor-quality
1,n,3,thou
1,n,5,danger
1,n,5,crow
1,a,5,frosting-were
1,a,3,pitch
1,v,5,flow
1,v,3,distribute
1,n,5,you've
1,a,5,uplifted
1,r,3,mainly
1,a,3,withs
1,n,5,sayers
1,n,1,Andorra
1,n,1,consideration
1,n,5,rib
1,a,3,pan-
1,n,5,window
1,v,5,godded
1,r,5,tremendously
1,n,5,haw
1,n,5,sweetener
1,a,5,insane
1,n,5,overstatement
1,n,5,rank
1,n,5,Piaf
1,n,5,utensil
1,n,5,hostility
1,v,5,wafer
1,v,3,fib
1,a,5,fas
1,v,5,host
1,n,1,bound
1,a,5,prey
1,a,5,1-to-1
1,n,5,spin
1,a,5,robust
1,n,5,length
1,a,3,heaping
1,n,3,mid
1,n,1,shoe
1,v,5,chortle
1,a,5,teens
1,a,5,makable
1,n,3,meld
1,n,5,Linda
1,v,5,recall
1,n,5,pailful
1,a,5,willing
1,n,5,playmate
1,v,5,dye
1,v,3,guesstimate
1,r,5,stunningly
1,a,3,unmissable
1,a,5,immemorial
1,v,5,ding
1,r,-3,overbearingly
1,n,5,charity
1,v,1,brake
1,n,-3,clacking
1,v,5,chicken
1,n,5,domino
1,n,5,IA
1,a,5,happened
1,r,5,independently
1,n,5,firefighter
1,n,5,barbarianism
1,v,1,behave
1,a,-1,forgotten
1,v,5,open
1,n,5,saucer
1,n,5,pear
1,n,5,Madagascar
1,n,5,classmate
1,v,3,loll
1,n,5,realm
1,a,5,deployed
1,n,5,Jeannie
1,n,3,latte
1,n,3,shorter
1,n,5,smart balance
1,n,5,core
1,a,5,brave
1,a,5,skipped
1,n,5,starter
1,v,1,detect
1,n,5,grandchild
1,v,5,unmodified
1,v,5,alt hoe
1,v,5,#NAME?
1,n,3,souffle
1,n,5,sideways
1,n,5,pouring
1,a,5,microwaveable
1,a,5,range
1,n,5,PC
1,n,-3,moos hie
1,a,5,unlikeable
1,n,1,howitzer
1,r,3,miraculously
1,v,5,remedied
1,n,5,offense
1,n,5,insult
1,n,5,booster
1,a,1,useful
1,n,5,pickier
1,a,5,stingy
1,n,5,pixie
1,n,5,decor
1,v,5,landscape
1,n,5,dot
1,n,3,Grey
1,v,5,camp
1,n,5,ox
1,n,5,marina
1,v,5,occur
1,n,-3,thespian
1,v,5,suite
1,n,5,talent
1,n,3,brainstorm
1,n,1,flaw
1,n,5,sweetie
1,r,5,timidly
1,n,3,alt
1,a,-3,whilst
1,n,5,ration
1,n,5,winter
1,n,5,sixteen
1,n,5,approval
1,v,-3,stare
1,n,5,submission
1,a,5,sheer
1,v,5,personalize
1,n,5,longshoreman
1,a,3,ahem
1,r,5,terrifically
1,a,5,fist
1,a,-3,brittle
1,n,5,cocci
1,v,5,hydrogenate
1,n,1,disclaimer
1,n,1,answer
1,v,5,frostiest
1,v,3,assist
1,v,5,despair
1,n,5,network
1,a,3,stacked
1,v,5,sate
1,n,5,stein
1,v,5,rust
1,n,5,Thai
1,a,-1,unusable
1,n,3,rosewater
1,a,3,changed
1,n,5,taller
1,v,5,holey
1,n,3,Mississippi
1,n,5,refrigeration
1,v,5,twin
1,r,5,naggingly
1,n,5,agrees
1,v,-1,premixed
1,n,5,output
1,v,5,kitchens
1,n,-3,sadness
1,r,5,#NAME?
1,n,5,dementia
1,n,5,bake-lift-serve
1,n,5,topic
1,v,5,awning
1,n,5,tastier
1,n,5,knack
1,n,5,pistachio
1,v,1,shy
1,v,5,stake
1,n,5,dirt
1,a,5,ex
1,n,3,platter
1,v,5,earn
1,v,5,reexamine
1,a,5,die-lish
1,n,5,info
1,n,5,tendency
1,a,5,colored
1,a,5,plea
1,v,3,bookmarking
1,v,5,renovate
1,r,5,disastrously
1,a,5,themed
1,v,5,scream
1,n,5,dinosaur
1,r,1,at least
1,n,5,Thailand
1,r,5,realizably
1,a,5,all purpose
1,n,5,Jules
1,n,5,bater
1,n,5,Ohio
1,n,5,tit
1,n,5,etc.
1,v,5,float
1,a,5,Christian
1,a,1,fundamental
1,a,1,matter-
1,r,5,loosely
1,r,5,deathly
1,n,3,potency
1,a,1,studier
1,n,1,Blondie
1,v,5,lousy
1,n,5,pepperer
1,n,5,momma
1,n,3,rec eta
1,n,3,godhood
1,n,5,counter tops
1,a,5,cautious
1,v,5,elicit
1,a,3,gorgeous
1,a,1,mixable
1,n,5,Egypt
1,n,5,moose
1,n,3,peep
1,n,3,experimenting
1,n,5,ajar
1,v,5,nominate
1,a,3,akin
1,a,5,uh-mm
1,v,3,lop
1,n,3,gob
1,n,5,loving
1,v,5,bodybuilding
1,n,5,springer
1,a,5,crumby
1,n,5,flock
1,a,5,#NAME?
1,v,5,trim
1,n,5,grail
1,a,5,gluten-free
1,r,5,supremely
1,n,5,boat
1,n,5,dine
1,a,-1,corrective
1,n,5,Epicurus
1,a,5,wary
1,n,5,sliver
1,a,3,dire
1,v,5,12-Aug
1,n,5,concoction
1,a,5,longtime
1,a,3,fattening
1,n,5,bf
1,n,5,Fundy
1,n,3,UN
1,n,5,curiosity
1,n,1,jellyroll
1,n,3,UT
1,r,1,enthusiastically
1,r,-1,exclusively
1,n,5,uprise
1,n,5,enjoyment
1,n,5,swore
1,n,1,mishap
1,v,5,carry
1,n,5,intention
1,n,5,tomb
1,n,5,banking
1,r,5,divinely
1,v,5,advertise
1,v,5,heal
1,a,5,unfiltered
1,v,5,y'all
1,n,5,Rochester
1,n,5,cereal
1,a,5,hickory
1,n,5,reminder
1,v,3,topple
1,n,5,target
1,a,5,glazed
1,n,3,nook
1,n,3,dimension
1,n,5,bugger
1,v,5,catch
1,n,5,cologne
1,v,5,purchase
1,a,5,loud
1,a,5,remarkable
1,v,5,lament
1,a,5,nondairy
1,v,3,hydroxylate
1,a,3,boring
1,n,3,town
1,n,3,fluffier
1,n,-3,embarrassment
1,v,5,Annie
1,n,3,frostbiting
1,n,5,amateur
1,n,5,verge
1,n,5,wondering
1,a,-3,reviews
1,n,5,anyones
1,n,5,dyestuff
1,n,5,December
1,n,-3,jawbreaker
1,n,5,tolerance
1,n,1,improvisation
1,a,5,improperly
1,n,5,demonstration
1,n,5,wpm
1,a,5,admitted
1,n,5,expletive
1,v,5,dig
1,v,5,model
1,n,3,chore
1,a,5,tic
1,n,5,baby cake
1,n,5,madness
1,n,5,checking
1,n,5,Lovell
1,r,3,bait
1,n,5,impromptu
1,n,5,affair
1,v,5,sch mered
1,n,5,wrist
1,v,5,chickens
1,n,5,warmth
1,n,5,marries
1,a,-3,mommy
1,n,3,decorator
1,n,5,meatloaf
1,n,1,lb
1,a,-1,comfortable
1,n,3,Levitt
1,n,5,born
1,a,1,sturdy
1,a,3,spiral
1,n,5,binder
1,v,3,3
1,n,3,beet
1,v,5,pile
1,n,5,harmoniousness's
1,v,5,thickheaded
1,a,-3,unsatisfactory
1,n,3,reality
1,v,5,shad
1,n,5,kraft
1,n,1,value
1,n,5,derby
1,n,5,Malaysia
1,a,1,thrilled
1,a,-3,needed
1,r,5,visually
1,a,5,unworkable
1,n,5,sea salt
1,a,5,speechless
1,v,3,alert
1,r,3,visibly
1,n,5,eta
1,a,5,agricultural
1,v,1,illustrate
1,n,1,residue
1,r,1,drolly
1,n,3,moderation
1,n,5,lite
1,v,5,goodnight
1,a,5,possessive
1,n,5,wisdom
1,r,5,vigorously
1,v,5,tidy
1,v,5,rival
1,n,5,closest
1,n,3,replaces
1,n,5,lesson
1,n,5,interval
1,n,3,breath
1,v,5,broom
1,n,5,junkie
1,n,5,squishy
1,n,5,engagement
1,a,5,complementary
1,n,5,boon
1,n,5,follower
1,n,5,Guardia
1,v,1,sue
1,v,5,aw
1,a,5,sized
1,n,5,remorse
1,n,5,disappears
1,r,5,cautiously
1,v,5,yes-add
1,v,5,employ
1,n,3,centimeter
1,n,5,share it
1,n,5,splurge
1,r,5,sarcastically
1,n,3,gripe
1,n,5,station
1,v,5,midway
1,v,5,*************
1,n,5,fairy
1,n,5,Mrs
1,n,3,production
1,v,3,worse
1,n,5,cleaning
1,r,5,arguably
1,a,5,decedent
1,n,-3,boredom
1,v,5,sprint
1,r,5,decently
1,v,5,happier
1,n,5,driver
1,n,5,Culbertson
1,v,5,deluxe
1,n,5,highlight
1,n,5,quasi
1,a,5,cupcake-like
1,v,5,applaud
1,n,5,forest
1,v,5,celebrate
1,n,5,soy milk
1,n,5,Budweiser
1,n,5,taking
1,n,5,pen
1,n,5,apricot
1,r,5,evidently
1,n,5,kernel
1,v,3,attest
1,a,5,crappy
1,n,-3,Baal
1,a,3,nit
1,a,1,herbal
1,n,5,cleanser
1,r,5,yummier
1,v,3,percentages
1,a,3,homogeneous
1,a,1,evaporated
1,a,3,corrupted
1,a,5,swirled
1,n,1,concentration
1,a,3,not-too-terribly-sweet
1,v,1,leaven
1,n,5,iv
1,n,5,community
1,v,5,seldom
1,n,5,stainless
1,a,3,oh-
1,n,1,reservation
1,a,5,utensils
1,v,1,grit
1,v,5,argue
1,n,5,hurricane
1,r,5,heartedly
1,n,3,Hennessey
1,r,5,relievedly
1,v,5,ave
1,v,-1,alternate
1,n,5,rater
1,n,1,sucker
1,a,1,promising
1,a,5,dribble
1,n,5,Feb
1,n,5,pea
1,n,5,Aldo
1,n,3,heating
1,n,1,but..
1,a,5,deleted
1,n,-1,#NAME?
1,v,5,manipulate
1,v,5,stray
1,n,5,mushing
1,n,1,bell
1,n,5,BYOB
1,v,5,entertain
1,a,5,freaking
1,n,3,knowing
1,v,1,sadden
1,n,3,Lyle
1,n,1,dressing
1,v,5,dint
1,r,5,incidentally
1,v,3,aim
1,n,5,Zealand
1,a,3,spacial
1,v,1,swallow
1,v,5,differentiate
1,v,3,sweets
1,v,5,haul
1,v,5,envy
1,a,5,fitting
1,n,5,specimen
1,v,3,nix
1,a,5,^^
1,n,5,farmer
1,n,1,plump
1,n,1,wholewheat
1,n,5,discrepancy
1,v,5,infer
1,n,5,underregistration
1,v,5,regulate
1,n,5,boom
1,a,5,designated
1,a,5,Australian
1,n,3,Aussie
1,n,3,incorporation
1,n,5,listed and
1,n,3,Patrick
1,n,5,pastor
1,n,-1,Renee
1,a,5,looked
1,a,5,genuine
1,n,3,seventeen
1,v,5,stack
1,n,3,whiten chocolate
1,a,3,efficient
1,a,5,3rd
1,n,5,bless
1,n,5,crocker hello
1,n,3,pyramid
1,a,3,underwhelming
1,n,5,dishwasher
1,n,5,harm
1,n,3,mariner
1,n,5,USA
1,a,5,bliss
1,a,5,unmixed
1,r,-3,frankly
1,a,5,low fat
1,a,-3,seasoned
1,a,1,wanted
1,n,5,rouge
1,n,5,classroom
1,n,5,deeper
1,v,5,crinkle
1,a,1,severe
1,n,5,membership
1,n,-3,image
1,v,5,define
1,n,5,weed
1,a,5,fake
1,n,5,meaning
1,a,-3,collapsed
1,n,5,episode
1,n,5,Hg
1,n,5,kiwi
1,a,5,ogive
1,a,5,scrambled
1,n,5,grand kiddies
1,v,-3,appal
1,v,5,depict
1,v,5,resolve
1,a,5,canonical
1,n,5,honeymoon
1,a,5,testy
1,a,3,unpleasant
1,v,5,fr
1,a,5,produced
1,n,5,paddle
1,n,5,disbelief
1,n,-3,percent
1,n,5,lemonade
1,r,1,manually
1,n,1,reminiscent
1,a,5,oiled
1,n,5,duh
1,r,5,realistically
1,n,5,huckster
1,r,3,adequately
1,n,5,project
1,r,5,swirly
1,n,5,#NAME?
1,a,5,moral
1,n,5,consisted
1,n,3,ward
1,n,5,field
1,a,1,dutch-process
1,n,5,beryllium
1,n,5,disease
1,v,5,anchor
1,a,3,appealing
1,n,5,Ramsey
1,v,5,swarm
1,n,1,knee
1,a,5,hyper
1,n,5,jiggling
1,a,5,optional
1,v,5,hadn't
1,v,-1,sundaes
1,v,5,design
1,a,5,ea
1,n,5,truck
1,n,5,organ
1,a,5,dent
1,v,5,study
1,n,5,excitement
1,v,5,cop
1,a,5,internees
1,a,5,ingestible
1,a,5,marvelous
1,n,5,NV
1,n,3,payoff
1,n,5,bitblt
1,v,5,decline
1,n,3,calamari
1,n,3,grape
1,n,-3,five
1,n,3,mil
1,v,5,d.
1,a,3,uneven
1,r,5,updater
1,n,3,microscope
1,n,5,revers
1,v,3,and melted
1,n,5,maximum
1,n,5,triangle
1,a,5,welcome
1,n,3,ons
1,v,3,exclude
1,n,5,remains
1,a,3,brandy
1,a,3,frosting-
1,a,5,sprouted
1,a,5,store-bought
1,v,-1,puzzle
1,n,5,random
1,r,5,definably
1,n,5,youngish
1,n,5,grader
1,n,3,duplicate
1,v,1,wt
1,n,1,headache
1,n,5,McCabe
1,n,5,compound
1,n,5,estate
1,n,5,veggie
1,a,5,fourteen
1,n,5,inept
1,n,1,Portia
1,a,3,zig-zagging
1,n,-3,oblivion
1,a,-3,stretchy
1,n,5,ft
1,n,5,foundation
1,n,5,vol
1,n,5,grief
1,a,5,promise-these
1,a,5,hi-hee
1,n,3,payment
1,n,5,toll
1,v,5,outnumber
1,n,3,citrus
1,v,3,feign
1,n,5,ballet
1,a,3,gunny
1,n,5,made
1,a,5,finicky
1,n,5,bustard
1,v,3,baffle
1,n,-1,corp
1,v,5,sprat
1,v,5,preservatives
1,n,5,equipment
1,v,5,mot
1,a,3,sticking
1,r,5,neatly
1,v,5,compress
1,v,5,sketchy
1,v,1,interpret
1,v,5,ante
1,a,5,notable
1,n,5,Saturday
1,v,5,wipe
